Name,cluster-not_std,cluster-std
HMDB0000058,0,0
HMDB0000343,10,13
HMDB0000372,10,13
HMDB0000406,10,13
HMDB0000416,13,5
HMDB0000431,10,13
HMDB0000512,7,2
HMDB0000594,10,13
HMDB0000637,13,5
HMDB0000667,4,4
HMDB0000671,1,11
HMDB0000706,4,4
HMDB0000715,7,2
HMDB0000722,13,5
HMDB0000763,7,2
HMDB0000839,1,11
HMDB0000842,3,9
HMDB0000860,7,2
HMDB0000874,13,5
HMDB0000881,1,11
HMDB0000929,1,11
HMDB0001000,0,0
HMDB0001054,13,5
HMDB0001091,0,0
HMDB0001204,0,0
HMDB0001244,0,0
HMDB0001389,4,4
HMDB0001510,7,2
HMDB0001518,10,4
HMDB0001570,10,13
HMDB0001849,4,4
HMDB0001892,3,9
HMDB0001894,10,13
HMDB0001925,3,9
HMDB0001938,13,5
HMDB0001940,4,4
HMDB0002096,1,11
HMDB0002114,1,11
HMDB0002124,4,4
HMDB0002209,1,11
HMDB0002236,0,0
HMDB0002269,10,13
HMDB0002294,0,0
HMDB0002302,7,2
HMDB0002326,4,4
HMDB0002338,4,13
HMDB0002372,1,11
HMDB0002708,10,13
HMDB0002710,0,0
HMDB0002780,4,4
HMDB0002899,1,11
HMDB0003066,12,1
HMDB0003075,7,2
HMDB0003141,13,5
HMDB0003175,0,0
HMDB0003217,4,4
HMDB0003218,13,5
HMDB0003235,0,0
HMDB0003263,4,4
HMDB0003306,1,11
HMDB0003312,1,11
HMDB0003324,13,5
HMDB0003572,0,0
HMDB0003573,4,4
HMDB0003601,0,0
HMDB0003747,3,9
HMDB0003882,0,0
HMDB0004078,10,13
HMDB0004087,7,2
HMDB0004185,4,4
HMDB0004215,7,2
HMDB0004238,0,0
HMDB0004240,0,0
HMDB0004241,0,0
HMDB0004484,13,5
HMDB0004590,4,4
HMDB0004629,1,11
HMDB0004685,0,0
HMDB0004808,0,13
HMDB0004810,10,13
HMDB0005014,10,13
HMDB0005020,13,5
HMDB0005033,4,4
HMDB0005035,0,0
HMDB0005039,13,5
HMDB0005041,0,0
HMDB0005042,13,5
HMDB0005760,1,11
HMDB0005781,10,13
HMDB0005782,10,13
HMDB0005789,10,13
HMDB0005801,4,4
HMDB0005808,4,4
HMDB0005897,4,4
HMDB0006005,4,4
HMDB0006061,4,4
HMDB0006101,4,4
HMDB0006203,13,5
HMDB0006217,4,4
HMDB0006218,4,4
HMDB0006285,10,13
HMDB0006344,4,4
HMDB0006552,0,0
HMDB0010314,10,13
HMDB0010321,13,5
HMDB0010322,13,5
HMDB0010323,4,4
HMDB0010324,4,4
HMDB0010334,13,5
HMDB0010338,13,5
HMDB0010340,13,5
HMDB0010341,13,5
HMDB0010343,0,0
HMDB0010347,10,13
HMDB0010348,13,5
HMDB0010349,13,5
HMDB0010351,13,5
HMDB0010353,13,5
HMDB0010362,0,0
HMDB0010363,0,0
HMDB0010365,13,5
HMDB0011167,4,4
HMDB0011179,4,4
HMDB0011658,0,0
HMDB0011686,4,4
HMDB0011687,10,13
HMDB0011723,1,11
HMDB0012111,6,1
HMDB0012138,9,7
HMDB0012220,13,5
HMDB0012240,0,0
HMDB0012281,0,0
HMDB0012322,9,7
HMDB0012468,10,13
HMDB0012488,3,9
HMDB0012534,10,13
HMDB0012622,0,0
HMDB0012638,13,5
HMDB0012782,0,13
HMDB0012897,3,12
HMDB0012994,13,5
HMDB0013039,0,0
HMDB0013040,0,0
HMDB0013139,11,12
HMDB0013163,3,9
HMDB0013189,0,0
HMDB0013209,10,13
HMDB0013240,0,0
HMDB0013243,4,4
HMDB0013245,7,2
HMDB0013302,4,4
HMDB0013318,1,11
HMDB0013609,1,11
HMDB0013636,0,0
HMDB0013679,7,2
HMDB0013680,10,13
HMDB0013692,10,13
HMDB0013695,1,11
HMDB0013696,1,11
HMDB0013713,4,4
HMDB0013806,2,6
HMDB0013846,13,5
HMDB0013852,1,11
HMDB0013854,4,4
HMDB0013862,13,5
HMDB0013871,4,4
HMDB0013872,4,11
HMDB0013886,0,0
HMDB0013888,4,4
HMDB0013889,4,4
HMDB0013911,10,13
HMDB0013919,0,0
HMDB0013924,4,4
HMDB0013926,4,4
HMDB0013946,13,5
HMDB0013947,13,5
HMDB0013948,13,5
HMDB0013949,13,5
HMDB0013950,13,5
HMDB0013958,0,0
HMDB0013959,0,0
HMDB0013960,4,4
HMDB0013961,13,5
HMDB0013972,4,4
HMDB0013974,4,4
HMDB0013976,10,13
HMDB0013989,1,11
HMDB0013995,10,13
HMDB0014027,4,4
HMDB0014028,10,13
HMDB0014029,4,4
HMDB0014256,0,0
HMDB0014257,1,11
HMDB0014325,1,11
HMDB0014353,4,4
HMDB0014359,0,0
HMDB0014361,0,0
HMDB0014367,13,5
HMDB0014383,10,13
HMDB0014388,13,5
HMDB0014390,7,2
HMDB0014391,13,5
HMDB0014395,6,8
HMDB0014408,1,11
HMDB0014411,4,4
HMDB0014420,13,5
HMDB0014421,0,0
HMDB0014438,13,5
HMDB0014443,10,0
HMDB0014446,13,5
HMDB0014448,13,5
HMDB0014462,13,5
HMDB0014466,1,11
HMDB0014468,4,4
HMDB0014476,4,4
HMDB0014493,4,4
HMDB0014497,13,5
HMDB0014521,10,13
HMDB0014542,13,5
HMDB0014558,4,4
HMDB0014559,0,0
HMDB0014568,4,4
HMDB0014576,10,13
HMDB0014580,10,13
HMDB0014590,0,0
HMDB0014593,13,5
HMDB0014600,13,5
HMDB0014604,4,4
HMDB0014605,4,4
HMDB0014608,4,4
HMDB0014611,0,0
HMDB0014615,4,4
HMDB0014616,1,11
HMDB0014633,10,13
HMDB0014636,13,5
HMDB0014638,10,13
HMDB0014639,0,0
HMDB0014641,12,1
HMDB0014643,4,4
HMDB0014645,10,13
HMDB0014649,0,0
HMDB0014660,13,5
HMDB0014662,10,13
HMDB0014663,0,0
HMDB0014668,0,0
HMDB0014682,13,5
HMDB0014693,1,11
HMDB0014704,3,9
HMDB0014713,1,11
HMDB0014715,1,11
HMDB0014722,13,5
HMDB0014724,1,11
HMDB0014728,13,5
HMDB0014736,0,0
HMDB0014742,13,5
HMDB0014745,13,5
HMDB0014757,13,5
HMDB0014760,13,5
HMDB0014771,1,11
HMDB0014792,13,5
HMDB0014794,0,0
HMDB0014798,7,2
HMDB0014803,10,13
HMDB0014814,12,1
HMDB0014826,13,5
HMDB0014827,13,5
HMDB0014829,13,5
HMDB0014837,13,5
HMDB0014851,13,5
HMDB0014853,0,0
HMDB0014862,4,4
HMDB0014869,10,13
HMDB0014883,3,9
HMDB0014887,10,13
HMDB0014892,7,2
HMDB0014895,10,13
HMDB0014914,1,11
HMDB0014917,4,4
HMDB0014920,4,4
HMDB0014933,0,0
HMDB0014938,4,4
HMDB0014943,4,4
HMDB0014946,0,0
HMDB0014951,10,13
HMDB0014955,10,13
HMDB0014956,6,8
HMDB0014958,13,5
HMDB0014959,10,13
HMDB0014961,13,5
HMDB0014967,4,4
HMDB0014970,3,9
HMDB0014971,0,0
HMDB0014975,0,0
HMDB0014977,1,11
HMDB0014979,10,4
HMDB0014980,4,4
HMDB0014999,4,4
HMDB0015000,13,5
HMDB0015003,7,2
HMDB0015005,4,4
HMDB0015019,13,5
HMDB0015023,4,4
HMDB0015026,10,13
HMDB0015028,1,11
HMDB0015048,13,5
HMDB0015049,10,13
HMDB0015060,7,2
HMDB0015061,4,4
HMDB0015075,4,4
HMDB0015084,3,9
HMDB0015087,10,13
HMDB0015097,0,0
HMDB0015098,4,4
HMDB0015102,10,13
HMDB0015107,0,0
HMDB0015108,0,0
HMDB0015115,10,13
HMDB0015118,0,0
HMDB0015126,4,4
HMDB0015133,4,4
HMDB0015144,1,11
HMDB0015149,0,0
HMDB0015151,13,5
HMDB0015159,0,0
HMDB0015160,0,0
HMDB0015175,1,11
HMDB0015189,3,9
HMDB0015191,10,13
HMDB0015200,13,5
HMDB0015201,0,0
HMDB0015219,10,13
HMDB0015220,13,5
HMDB0015229,1,11
HMDB0015245,0,0
HMDB0015249,0,0
HMDB0015252,4,4
HMDB0015257,7,2
HMDB0015260,0,0
HMDB0015264,0,0
HMDB0015267,13,5
HMDB0015269,4,4
HMDB0015271,0,0
HMDB0015273,4,4
HMDB0015279,0,0
HMDB0015280,13,5
HMDB0015288,0,0
HMDB0015297,0,0
HMDB0015308,13,5
HMDB0015313,0,0
HMDB0015315,13,5
HMDB0015317,0,0
HMDB0015319,7,2
HMDB0015322,7,2
HMDB0015326,0,0
HMDB0015338,0,0
HMDB0015341,10,13
HMDB0015350,0,0
HMDB0015359,0,0
HMDB0015361,7,2
HMDB0015377,1,11
HMDB0015382,4,4
HMDB0015384,13,5
HMDB0015390,13,5
HMDB0015396,13,5
HMDB0015398,7,2
HMDB0015406,13,5
HMDB0015409,0,0
HMDB0015412,4,4
HMDB0015433,13,5
HMDB0015438,13,5
HMDB0015464,13,5
HMDB0015465,10,13
HMDB0015471,4,4
HMDB0015485,13,5
HMDB0015491,7,2
HMDB0015494,0,0
HMDB0015497,7,2
HMDB0015505,7,2
HMDB0015506,7,2
HMDB0015511,10,13
HMDB0015521,1,11
HMDB0015522,7,2
HMDB0015534,10,13
HMDB0015538,1,11
HMDB0015542,13,5
HMDB0015547,0,0
HMDB0015557,7,11
HMDB0015558,13,5
HMDB0015573,4,4
HMDB0015575,1,11
HMDB0015586,4,4
HMDB0015594,0,13
HMDB0015602,1,11
HMDB0015608,0,0
HMDB0015614,1,11
HMDB0015631,13,5
HMDB0015636,4,4
HMDB0015637,13,5
HMDB0015667,4,4
HMDB0015678,1,11
HMDB0015679,10,13
HMDB0015684,10,13
HMDB0015688,1,11
HMDB0015696,0,0
HMDB0015698,13,5
HMDB0015699,0,0
HMDB0015704,13,5
HMDB0028694,1,11
HMDB0028699,4,4
HMDB0028738,10,13
HMDB0028742,0,0
HMDB0028743,10,13
HMDB0028764,0,0
HMDB0028765,10,13
HMDB0028804,10,13
HMDB0028808,0,0
HMDB0028830,0,0
HMDB0028852,10,13
HMDB0028874,0,0
HMDB0028875,10,13
HMDB0028892,10,13
HMDB0028897,0,0
HMDB0028914,4,4
HMDB0028988,1,11
HMDB0028990,4,4
HMDB0028991,10,13
HMDB0028993,10,13
HMDB0028994,10,13
HMDB0028997,10,13
HMDB0028998,10,13
HMDB0029005,4,4
HMDB0029006,0,0
HMDB0029007,10,13
HMDB0029009,10,13
HMDB0029028,0,0
HMDB0029029,4,4
HMDB0029050,10,13
HMDB0029076,10,13
HMDB0029078,0,0
HMDB0029079,0,0
HMDB0029080,10,13
HMDB0029081,0,0
HMDB0029082,0,0
HMDB0029083,10,13
HMDB0029084,0,0
HMDB0029085,13,5
HMDB0029086,0,0
HMDB0029087,0,0
HMDB0029088,0,0
HMDB0029090,0,0
HMDB0029091,0,0
HMDB0029092,10,13
HMDB0029093,0,0
HMDB0029094,13,5
HMDB0029095,0,0
HMDB0029096,10,0
HMDB0029097,0,0
HMDB0029098,4,4
HMDB0029103,10,13
HMDB0029104,10,13
HMDB0029106,10,13
HMDB0029112,10,13
HMDB0029116,0,0
HMDB0029117,10,13
HMDB0029119,10,13
HMDB0029134,4,4
HMDB0029138,10,13
HMDB0029156,10,13
HMDB0029160,0,0
HMDB0029185,1,11
HMDB0029191,10,13
HMDB0029202,0,0
HMDB0029218,4,4
HMDB0029219,4,4
HMDB0029249,4,4
HMDB0029250,13,5
HMDB0029251,13,5
HMDB0029253,4,4
HMDB0029284,0,0
HMDB0029287,0,0
HMDB0029288,0,0
HMDB0029289,0,0
HMDB0029290,0,0
HMDB0029291,13,5
HMDB0029292,10,13
HMDB0029293,10,13
HMDB0029295,0,0
HMDB0029296,0,0
HMDB0029303,10,13
HMDB0029304,13,5
HMDB0029307,0,13
HMDB0029318,10,13
HMDB0029322,4,4
HMDB0029346,10,13
HMDB0029355,1,11
HMDB0029356,13,5
HMDB0029365,10,13
HMDB0029366,7,2
HMDB0029367,0,0
HMDB0029374,4,4
HMDB0029377,10,13
HMDB0029386,10,13
HMDB0029399,13,5
HMDB0029401,0,5
HMDB0029457,7,2
HMDB0029460,0,0
HMDB0029462,1,11
HMDB0029463,4,4
HMDB0029464,13,5
HMDB0029488,13,5
HMDB0029489,13,5
HMDB0029490,13,5
HMDB0029492,0,0
HMDB0029495,7,2
HMDB0029504,1,11
HMDB0029508,10,13
HMDB0029511,13,5
HMDB0029518,4,4
HMDB0029519,1,4
HMDB0029520,13,5
HMDB0029521,4,4
HMDB0029522,4,4
HMDB0029524,0,0
HMDB0029525,0,0
HMDB0029528,13,5
HMDB0029530,0,0
HMDB0029535,10,13
HMDB0029539,1,11
HMDB0029541,10,13
HMDB0029566,10,13
HMDB0029575,4,4
HMDB0029584,10,13
HMDB0029631,1,11
HMDB0029668,1,11
HMDB0029681,0,0
HMDB0029687,1,11
HMDB0029688,11,12
HMDB0029700,7,2
HMDB0029708,3,9
HMDB0029711,10,13
HMDB0029738,7,2
HMDB0029739,7,2
HMDB0029746,1,11
HMDB0029752,3,9
HMDB0029774,4,4
HMDB0029783,10,13
HMDB0029789,10,13
HMDB0029818,7,2
HMDB0029821,3,9
HMDB0029822,3,9
HMDB0029823,3,9
HMDB0029824,3,1
HMDB0029826,0,0
HMDB0029830,13,5
HMDB0029834,7,2
HMDB0029836,7,2
HMDB0029837,1,11
HMDB0029849,10,13
HMDB0029866,0,0
HMDB0029868,13,5
HMDB0029869,0,0
HMDB0029870,10,13
HMDB0029905,13,5
HMDB0029972,0,0
HMDB0029981,13,5
HMDB0029999,13,5
HMDB0030020,13,5
HMDB0030080,13,0
HMDB0030087,0,0
HMDB0030090,4,4
HMDB0030108,13,5
HMDB0030110,10,13
HMDB0030141,0,0
HMDB0030147,0,0
HMDB0030155,13,5
HMDB0030162,13,5
HMDB0030164,13,5
HMDB0030176,10,13
HMDB0030182,3,9
HMDB0030185,10,13
HMDB0030187,10,13
HMDB0030191,4,4
HMDB0030192,0,0
HMDB0030194,4,4
HMDB0030195,4,4
HMDB0030201,10,13
HMDB0030202,0,0
HMDB0030214,4,4
HMDB0030219,10,13
HMDB0030227,4,4
HMDB0030228,4,4
HMDB0030234,0,0
HMDB0030242,10,13
HMDB0030244,10,13
HMDB0030248,0,0
HMDB0030249,0,0
HMDB0030264,10,13
HMDB0030270,10,13
HMDB0030274,13,5
HMDB0030283,0,0
HMDB0030293,10,13
HMDB0030308,10,13
HMDB0030312,10,13
HMDB0030319,1,11
HMDB0030322,0,0
HMDB0030327,10,13
HMDB0030340,0,0
HMDB0030348,10,13
HMDB0030350,10,13
HMDB0030351,4,4
HMDB0030377,7,2
HMDB0030379,1,11
HMDB0030382,0,0
HMDB0030396,1,11
HMDB0030398,0,0
HMDB0030399,0,0
HMDB0030400,1,11
HMDB0030404,13,5
HMDB0030420,4,4
HMDB0030439,0,0
HMDB0030464,13,5
HMDB0030474,0,0
HMDB0030477,13,5
HMDB0030486,4,4
HMDB0030487,13,5
HMDB0030488,13,5
HMDB0030490,13,5
HMDB0030495,13,5
HMDB0030496,0,0
HMDB0030502,0,0
HMDB0030503,13,5
HMDB0030522,13,5
HMDB0030523,13,5
HMDB0030543,4,4
HMDB0030545,10,13
HMDB0030547,10,13
HMDB0030549,4,4
HMDB0030555,10,13
HMDB0030561,10,13
HMDB0030563,10,13
HMDB0030572,7,2
HMDB0030573,0,0
HMDB0030577,3,9
HMDB0030578,4,4
HMDB0030579,10,13
HMDB0030580,7,2
HMDB0030583,13,5
HMDB0030584,13,5
HMDB0030585,13,5
HMDB0030593,13,5
HMDB0030595,4,4
HMDB0030600,4,4
HMDB0030601,13,5
HMDB0030605,0,0
HMDB0030606,0,0
HMDB0030616,4,4
HMDB0030617,10,13
HMDB0030618,0,0
HMDB0030619,0,0
HMDB0030622,10,13
HMDB0030636,1,11
HMDB0030637,1,11
HMDB0030639,1,11
HMDB0030643,0,0
HMDB0030644,7,9
HMDB0030646,1,11
HMDB0030647,1,11
HMDB0030648,4,4
HMDB0030650,13,5
HMDB0030651,0,0
HMDB0030654,0,0
HMDB0030664,10,13
HMDB0030667,10,13
HMDB0030669,0,0
HMDB0030670,1,11
HMDB0030672,1,11
HMDB0030682,10,13
HMDB0030687,13,5
HMDB0030691,10,13
HMDB0030694,4,4
HMDB0030695,4,4
HMDB0030699,4,4
HMDB0030709,10,13
HMDB0030710,13,5
HMDB0030711,13,5
HMDB0030712,13,5
HMDB0030715,13,5
HMDB0030716,0,0
HMDB0030720,4,4
HMDB0030722,7,2
HMDB0030723,1,11
HMDB0030724,1,11
HMDB0030728,0,0
HMDB0030729,10,13
HMDB0030731,4,4
HMDB0030735,0,0
HMDB0030740,10,13
HMDB0030742,4,4
HMDB0030743,0,0
HMDB0030745,10,13
HMDB0030746,10,13
HMDB0030755,10,13
HMDB0030756,13,5
HMDB0030757,4,4
HMDB0030766,10,13
HMDB0030767,10,13
HMDB0030768,10,13
HMDB0030770,7,2
HMDB0030772,0,13
HMDB0030773,3,9
HMDB0030787,0,0
HMDB0030789,1,11
HMDB0030790,1,11
HMDB0030791,10,13
HMDB0030792,13,5
HMDB0030796,10,13
HMDB0030804,0,0
HMDB0030807,10,13
HMDB0030808,1,11
HMDB0030813,4,4
HMDB0030815,13,5
HMDB0030816,7,2
HMDB0030818,1,11
HMDB0030823,1,11
HMDB0030826,0,0
HMDB0030829,4,4
HMDB0030838,7,9
HMDB0030846,0,0
HMDB0030847,4,4
HMDB0030848,0,0
HMDB0030852,10,13
HMDB0030853,4,4
HMDB0030854,10,13
HMDB0030861,13,5
HMDB0030868,13,5
HMDB0030871,4,4
HMDB0030873,10,13
HMDB0030875,10,13
HMDB0030882,10,13
HMDB0030883,13,5
HMDB0030884,13,5
HMDB0030909,13,5
HMDB0030946,4,4
HMDB0030947,10,13
HMDB0030948,10,13
HMDB0030949,10,13
HMDB0031289,0,0
HMDB0031360,4,4
HMDB0031368,13,5
HMDB0031378,4,4
HMDB0031385,10,13
HMDB0031420,10,13
HMDB0031423,13,5
HMDB0031428,10,13
HMDB0031463,10,13
HMDB0031552,0,0
HMDB0031553,7,2
HMDB0031612,4,4
HMDB0031620,10,13
HMDB0031633,0,0
HMDB0031661,1,2
HMDB0031663,7,2
HMDB0031673,13,5
HMDB0031695,0,0
HMDB0031705,10,13
HMDB0031706,10,13
HMDB0031723,13,5
HMDB0031724,10,13
HMDB0031729,7,2
HMDB0031737,7,2
HMDB0031744,10,13
HMDB0031753,0,0
HMDB0031762,4,4
HMDB0031764,0,0
HMDB0031767,10,13
HMDB0031778,4,4
HMDB0031809,7,9
HMDB0031821,6,8
HMDB0031824,4,4
HMDB0031833,10,13
HMDB0031845,3,9
HMDB0031855,12,1
HMDB0031867,7,2
HMDB0031877,0,0
HMDB0031898,4,4
HMDB0031901,4,4
HMDB0031902,4,4
HMDB0031912,0,0
HMDB0031916,4,4
HMDB0031925,4,4
HMDB0031941,0,0
HMDB0031948,13,5
HMDB0031949,13,5
HMDB0031958,13,5
HMDB0031969,10,13
HMDB0031971,0,0
HMDB0031975,10,13
HMDB0031992,0,0
HMDB0031993,0,0
HMDB0032018,3,9
HMDB0032025,6,8
HMDB0032027,7,2
HMDB0032028,3,9
HMDB0032035,1,11
HMDB0032039,12,1
HMDB0032040,12,1
HMDB0032041,12,1
HMDB0032049,2,6
HMDB0032056,4,4
HMDB0032058,4,4
HMDB0032061,7,2
HMDB0032064,7,2
HMDB0032116,4,4
HMDB0032129,1,11
HMDB0032130,1,11
HMDB0032133,6,8
HMDB0032143,0,0
HMDB0032156,10,13
HMDB0032173,4,4
HMDB0032175,1,11
HMDB0032217,1,11
HMDB0032227,7,2
HMDB0032299,0,0
HMDB0032322,4,4
HMDB0032368,10,13
HMDB0032382,0,0
HMDB0032383,0,0
HMDB0032389,13,5
HMDB0032394,3,9
HMDB0032412,11,12
HMDB0032503,13,5
HMDB0032529,10,13
HMDB0032553,0,0
HMDB0032559,1,11
HMDB0032561,6,8
HMDB0032564,6,8
HMDB0032577,1,11
HMDB0032579,12,1
HMDB0032582,6,7
HMDB0032583,7,2
HMDB0032584,7,2
HMDB0032585,7,2
HMDB0032587,0,0
HMDB0032589,1,11
HMDB0032610,2,8
HMDB0032641,1,11
HMDB0032649,4,4
HMDB0032654,10,13
HMDB0032655,10,13
HMDB0032656,1,11
HMDB0032659,4,4
HMDB0032665,0,0
HMDB0032685,13,5
HMDB0032697,10,13
HMDB0032698,10,13
HMDB0032699,0,0
HMDB0032700,0,0
HMDB0032706,7,2
HMDB0032707,4,4
HMDB0032708,3,9
HMDB0032709,7,2
HMDB0032710,3,9
HMDB0032723,1,11
HMDB0032725,4,4
HMDB0032734,0,0
HMDB0032738,13,5
HMDB0032756,1,11
HMDB0032757,7,2
HMDB0032758,1,4
HMDB0032759,13,5
HMDB0032776,1,11
HMDB0032804,4,4
HMDB0032805,0,0
HMDB0032845,4,4
HMDB0032847,1,11
HMDB0032848,10,13
HMDB0032860,9,7
HMDB0032861,11,12
HMDB0032865,3,12
HMDB0032866,1,11
HMDB0032876,4,13
HMDB0032886,10,13
HMDB0032887,3,9
HMDB0032888,1,11
HMDB0032890,1,4
HMDB0032909,10,13
HMDB0032926,6,8
HMDB0032936,7,2
HMDB0032937,1,11
HMDB0032944,7,2
HMDB0032953,4,4
HMDB0032954,0,0
HMDB0032955,13,5
HMDB0032956,1,11
HMDB0032961,4,4
HMDB0032962,4,4
HMDB0032963,1,11
HMDB0032981,12,1
HMDB0032983,1,11
HMDB0032989,1,11
HMDB0032990,7,2
HMDB0032991,7,2
HMDB0032997,7,2
HMDB0032998,1,11
HMDB0032999,7,2
HMDB0033000,3,12
HMDB0033012,13,5
HMDB0033014,10,13
HMDB0033016,4,4
HMDB0033017,10,13
HMDB0033028,10,13
HMDB0033033,7,2
HMDB0033036,4,4
HMDB0033037,0,0
HMDB0033060,10,13
HMDB0033086,0,0
HMDB0033088,4,4
HMDB0033099,13,5
HMDB0033103,4,4
HMDB0033109,4,4
HMDB0033111,0,0
HMDB0033115,12,1
HMDB0033122,1,11
HMDB0033139,4,4
HMDB0033146,10,13
HMDB0033153,1,11
HMDB0033162,13,5
HMDB0033176,12,1
HMDB0033188,7,2
HMDB0033193,0,0
HMDB0033199,13,5
HMDB0033211,0,0
HMDB0033247,0,0
HMDB0033251,3,9
HMDB0033258,0,0
HMDB0033264,10,13
HMDB0033270,0,0
HMDB0033271,13,5
HMDB0033279,0,0
HMDB0033290,0,0
HMDB0033292,10,13
HMDB0033293,4,4
HMDB0033294,4,4
HMDB0033299,0,0
HMDB0033303,7,2
HMDB0033304,10,13
HMDB0033305,4,13
HMDB0033307,1,11
HMDB0033310,10,13
HMDB0033314,10,13
HMDB0033315,0,0
HMDB0033317,1,11
HMDB0033318,0,0
HMDB0033324,13,5
HMDB0033330,4,4
HMDB0033332,13,5
HMDB0033333,10,13
HMDB0033339,13,5
HMDB0033340,13,5
HMDB0033343,13,5
HMDB0033345,10,13
HMDB0033349,4,4
HMDB0033355,10,13
HMDB0033359,10,13
HMDB0033360,0,0
HMDB0033362,0,0
HMDB0033367,0,0
HMDB0033383,13,5
HMDB0033392,13,0
HMDB0033430,1,11
HMDB0033435,4,4
HMDB0033447,0,0
HMDB0033450,0,0
HMDB0033456,7,2
HMDB0033457,0,0
HMDB0033469,0,0
HMDB0033471,13,5
HMDB0033480,10,13
HMDB0033483,10,13
HMDB0033486,10,13
HMDB0033487,7,2
HMDB0033515,4,4
HMDB0033521,0,0
HMDB0033525,4,4
HMDB0033526,4,4
HMDB0033528,1,11
HMDB0033530,4,4
HMDB0033537,13,5
HMDB0033543,13,5
HMDB0033563,0,0
HMDB0033581,0,0
HMDB0033587,13,5
HMDB0033590,10,13
HMDB0033594,7,2
HMDB0033610,4,4
HMDB0033623,0,0
HMDB0033648,0,0
HMDB0033649,10,13
HMDB0033651,13,5
HMDB0033688,13,5
HMDB0033690,13,5
HMDB0033702,1,11
HMDB0033710,10,13
HMDB0033711,4,4
HMDB0033712,13,5
HMDB0033722,10,13
HMDB0033734,0,0
HMDB0033743,10,13
HMDB0033757,4,4
HMDB0033758,4,4
HMDB0033759,4,4
HMDB0033771,4,4
HMDB0033779,1,11
HMDB0033782,0,0
HMDB0033790,4,4
HMDB0033797,10,13
HMDB0033800,7,2
HMDB0033801,10,13
HMDB0033820,10,13
HMDB0033831,10,13
HMDB0033832,7,2
HMDB0033841,0,0
HMDB0033852,0,0
HMDB0033859,10,0
HMDB0033866,10,13
HMDB0033874,10,13
HMDB0033876,10,13
HMDB0033877,10,13
HMDB0033878,4,4
HMDB0033880,13,5
HMDB0033882,0,0
HMDB0033883,13,5
HMDB0033911,4,4
HMDB0033915,10,13
HMDB0033925,4,4
HMDB0033928,4,4
HMDB0033930,7,2
HMDB0033936,10,13
HMDB0033940,4,4
HMDB0033946,3,9
HMDB0033950,10,13
HMDB0033954,4,4
HMDB0033959,0,0
HMDB0033972,13,5
HMDB0033979,4,4
HMDB0033980,4,4
HMDB0033986,4,4
HMDB0033994,4,4
HMDB0033996,10,13
HMDB0033997,0,0
HMDB0033999,0,0
HMDB0034002,4,4
HMDB0034004,4,4
HMDB0034010,0,0
HMDB0034014,10,13
HMDB0034015,0,0
HMDB0034016,13,5
HMDB0034021,13,5
HMDB0034024,10,13
HMDB0034027,0,0
HMDB0034039,13,0
HMDB0034042,10,13
HMDB0034049,0,0
HMDB0034050,0,0
HMDB0034051,10,13
HMDB0034054,10,13
HMDB0034056,4,4
HMDB0034057,13,5
HMDB0034077,13,5
HMDB0034090,10,13
HMDB0034109,0,0
HMDB0034111,0,0
HMDB0034117,0,0
HMDB0034118,3,9
HMDB0034119,0,0
HMDB0034125,0,0
HMDB0034126,1,11
HMDB0034127,10,13
HMDB0034130,1,11
HMDB0034138,10,13
HMDB0034139,10,13
HMDB0034150,10,13
HMDB0034179,10,13
HMDB0034182,0,0
HMDB0034186,0,0
HMDB0034193,13,5
HMDB0034209,1,11
HMDB0034212,1,11
HMDB0034213,0,0
HMDB0034214,0,0
HMDB0034256,10,13
HMDB0034264,0,0
HMDB0034270,1,11
HMDB0034272,7,2
HMDB0034277,7,2
HMDB0034279,0,0
HMDB0034280,13,5
HMDB0034291,1,11
HMDB0034310,10,13
HMDB0034312,4,4
HMDB0034319,10,13
HMDB0034334,13,5
HMDB0034344,7,2
HMDB0034345,4,4
HMDB0034364,0,0
HMDB0034371,10,13
HMDB0034376,4,4
HMDB0034403,13,5
HMDB0034412,0,0
HMDB0034435,1,11
HMDB0034437,8,3
HMDB0034438,10,13
HMDB0034444,4,4
HMDB0034449,10,13
HMDB0034512,13,5
HMDB0034566,0,0
HMDB0034588,13,5
HMDB0034607,13,5
HMDB0034618,4,4
HMDB0034620,4,4
HMDB0034621,10,13
HMDB0034644,13,5
HMDB0034663,7,2
HMDB0034669,10,13
HMDB0034690,10,13
HMDB0034720,10,13
HMDB0034722,1,11
HMDB0034752,13,5
HMDB0034757,0,0
HMDB0034760,13,5
HMDB0034836,0,0
HMDB0034837,0,0
HMDB0034838,0,0
HMDB0034867,0,0
HMDB0034873,13,5
HMDB0034899,0,0
HMDB0034911,1,11
HMDB0034960,13,5
HMDB0034981,4,4
HMDB0034999,0,0
HMDB0035001,13,5
HMDB0035003,0,0
HMDB0035009,7,2
HMDB0035015,3,9
HMDB0035018,7,11
HMDB0035027,13,5
HMDB0035035,10,13
HMDB0035062,13,5
HMDB0035067,13,5
HMDB0035068,13,5
HMDB0035076,3,12
HMDB0035081,7,2
HMDB0035084,7,9
HMDB0035086,1,11
HMDB0035095,1,11
HMDB0035098,4,4
HMDB0035109,0,0
HMDB0035129,0,0
HMDB0035134,13,5
HMDB0035136,10,13
HMDB0035145,1,11
SDF/HMDB0035186.pdb,13,5
HMDB0035191,10,13
HMDB0035193,4,4
HMDB0035195,7,9
HMDB0035196,7,2
HMDB0035197,7,2
HMDB0035198,7,2
HMDB0035208,0,0
HMDB0035213,12,1
HMDB0035214,4,11
HMDB0035223,1,11
HMDB0035230,10,13
HMDB0035233,10,13
HMDB0035254,4,4
HMDB0035291,7,2
HMDB0035364,1,11
HMDB0035366,13,5
HMDB0035367,13,5
HMDB0035371,0,0
HMDB0035373,0,0
HMDB0035403,0,0
HMDB0035404,0,0
HMDB0035405,0,0
HMDB0035412,4,4
HMDB0035427,13,5
HMDB0035428,0,0
HMDB0035438,0,0
HMDB0035441,0,0
HMDB0035446,0,0
HMDB0035447,7,2
HMDB0035467,0,0
HMDB0035478,4,4
HMDB0035479,13,5
HMDB0035499,0,0
HMDB0035501,10,13
HMDB0035502,0,0
HMDB0035525,0,0
HMDB0035529,10,13
HMDB0035587,0,0
HMDB0035612,7,2
HMDB0035616,10,13
HMDB0035665,1,11
HMDB0035689,13,5
HMDB0035698,0,0
HMDB0035712,4,4
HMDB0035734,13,5
HMDB0035736,7,2
HMDB0035739,1,11
HMDB0035742,13,5
HMDB0035759,3,9
HMDB0035767,4,4
HMDB0035774,13,5
HMDB0035779,13,5
HMDB0035790,10,13
HMDB0035801,7,2
HMDB0035805,10,13
HMDB0035828,13,5
HMDB0035849,13,5
HMDB0035859,13,5
HMDB0035864,13,5
HMDB0035865,13,5
HMDB0035879,0,0
HMDB0035880,10,13
HMDB0035896,1,11
HMDB0035914,0,0
HMDB0035957,13,5
HMDB0035965,1,11
HMDB0035970,13,5
HMDB0035984,13,5
HMDB0035993,4,4
HMDB0036003,3,9
HMDB0036026,3,1
HMDB0036073,3,9
HMDB0036119,4,4
HMDB0036154,3,9
HMDB0036163,7,2
HMDB0036164,3,9
HMDB0036173,3,9
HMDB0036189,1,11
HMDB0036192,1,11
HMDB0036207,1,11
HMDB0036281,13,5
HMDB0036305,10,13
HMDB0036347,3,9
HMDB0036359,4,4
HMDB0036369,10,13
HMDB0036381,10,13
HMDB0036387,1,11
HMDB0036408,13,5
HMDB0036409,0,0
HMDB0036417,3,9
HMDB0036425,13,5
HMDB0036443,1,2
HMDB0036444,7,2
HMDB0036450,3,9
HMDB0036451,7,2
HMDB0036453,7,2
HMDB0036454,1,11
HMDB0036457,1,11
HMDB0036463,0,0
HMDB0036470,3,9
HMDB0036471,3,9
HMDB0036586,4,4
HMDB0036589,1,11
HMDB0036595,0,0
HMDB0036605,4,4
HMDB0036616,10,13
HMDB0036618,13,5
HMDB0036628,1,11
HMDB0036644,3,9
HMDB0036677,0,0
HMDB0036720,4,4
HMDB0036738,4,4
HMDB0036768,4,4
HMDB0036771,10,13
HMDB0036782,0,0
HMDB0036794,13,5
HMDB0036849,13,5
HMDB0036881,1,11
HMDB0036929,13,5
HMDB0036936,10,13
HMDB0036938,0,0
HMDB0036984,13,5
HMDB0037030,3,9
HMDB0037039,13,5
HMDB0037040,13,5
HMDB0037041,13,5
HMDB0037042,13,5
HMDB0037060,3,9
HMDB0037068,1,11
HMDB0037097,13,5
HMDB0037104,1,2
HMDB0037109,10,13
HMDB0037112,0,0
HMDB0037113,3,9
HMDB0037130,1,11
HMDB0037139,3,9
HMDB0037165,3,9
HMDB0037174,3,9
HMDB0037200,0,0
HMDB0037218,1,11
HMDB0037232,1,11
HMDB0037245,4,4
HMDB0037247,0,0
HMDB0037249,0,0
HMDB0037250,0,0
HMDB0037251,10,13
HMDB0037252,0,0
HMDB0037253,0,0
HMDB0037255,10,13
HMDB0037272,3,9
HMDB0037279,1,11
HMDB0037316,1,11
HMDB0037319,4,4
HMDB0037320,10,13
HMDB0037323,13,5
HMDB0037334,0,0
HMDB0037338,13,5
HMDB0037342,13,5
HMDB0037389,1,11
HMDB0037445,10,13
HMDB0037477,0,0
HMDB0037485,10,13
HMDB0037489,4,13
HMDB0037490,13,5
HMDB0037492,1,11
HMDB0037508,0,0
HMDB0037521,10,13
HMDB0037528,4,4
HMDB0037529,4,4
HMDB0037531,13,5
HMDB0037552,0,0
HMDB0037557,4,4
HMDB0037558,4,4
HMDB0037563,1,11
HMDB0037570,0,0
HMDB0037581,13,5
HMDB0037585,10,13
HMDB0037586,10,13
HMDB0037608,1,11
HMDB0037623,3,9
HMDB0037628,7,2
HMDB0037667,1,11
HMDB0037679,1,11
HMDB0037695,7,2
HMDB0037696,1,11
HMDB0037706,7,2
HMDB0037707,1,11
HMDB0037723,7,2
HMDB0037738,1,2
HMDB0037739,4,11
HMDB0037760,10,13
HMDB0037774,10,13
HMDB0037784,7,9
HMDB0037801,4,4
HMDB0037832,4,4
HMDB0037851,10,13
HMDB0037913,13,5
HMDB0037920,0,0
HMDB0037921,10,13
HMDB0037922,0,0
HMDB0037954,4,4
HMDB0037985,0,0
HMDB0038018,0,0
HMDB0038047,1,11
HMDB0038051,10,13
HMDB0038113,0,0
HMDB0038114,13,5
HMDB0038115,1,11
HMDB0038139,3,9
HMDB0038145,0,0
HMDB0038146,7,2
HMDB0038158,13,5
HMDB0038163,7,9
HMDB0038173,7,2
HMDB0038187,1,11
HMDB0038188,4,4
HMDB0038200,7,2
HMDB0038203,3,9
HMDB0038217,1,11
HMDB0038225,13,5
HMDB0038257,4,4
HMDB0038292,1,2
HMDB0038322,10,13
HMDB0038324,10,13
HMDB0038325,4,4
HMDB0038330,13,5
HMDB0038331,10,13
HMDB0038332,10,13
HMDB0038333,0,0
HMDB0038334,0,0
HMDB0038339,1,11
HMDB0038340,0,0
HMDB0038384,13,5
HMDB0038396,13,5
HMDB0038397,0,0
HMDB0038398,0,0
HMDB0038399,4,4
HMDB0038415,0,0
HMDB0038419,0,0
HMDB0038422,0,0
HMDB0038423,0,0
HMDB0038448,4,4
HMDB0038472,0,0
HMDB0038479,0,0
HMDB0038480,0,0
HMDB0038481,0,0
HMDB0038488,13,5
HMDB0038492,4,4
HMDB0038501,13,5
HMDB0038511,7,2
HMDB0038512,1,11
HMDB0038514,10,13
HMDB0038528,13,5
HMDB0038547,4,4
HMDB0038548,4,4
HMDB0038549,10,13
HMDB0038554,13,5
HMDB0038571,4,4
HMDB0038573,1,11
HMDB0038574,7,2
HMDB0038576,0,0
HMDB0038577,10,13
HMDB0038589,1,11
HMDB0038618,13,0
HMDB0038626,0,0
HMDB0038630,0,0
HMDB0038641,10,13
HMDB0038644,0,0
HMDB0038645,0,0
HMDB0038646,0,13
HMDB0038647,10,13
HMDB0038648,10,13
HMDB0038665,0,0
HMDB0038666,10,13
HMDB0038706,10,13
HMDB0038724,10,13
HMDB0038725,10,13
HMDB0038730,13,5
HMDB0038742,13,5
HMDB0038748,13,5
HMDB0038755,0,0
HMDB0038756,0,0
HMDB0038774,13,5
HMDB0038785,13,5
HMDB0038786,13,5
HMDB0038787,13,5
HMDB0038788,13,5
HMDB0038793,13,5
HMDB0038805,13,5
HMDB0038831,0,0
HMDB0038834,10,13
HMDB0038873,13,5
HMDB0038874,13,5
HMDB0038878,13,5
HMDB0038900,13,5
HMDB0038901,0,0
HMDB0038902,0,0
HMDB0038903,0,0
HMDB0038904,13,5
HMDB0038917,13,5
HMDB0038918,13,5
HMDB0038921,10,13
HMDB0038930,10,13
HMDB0038932,0,0
HMDB0038943,10,13
HMDB0038944,0,0
HMDB0038950,0,0
HMDB0038955,10,13
HMDB0038956,10,13
HMDB0038990,1,11
HMDB0038999,0,0
HMDB0039018,13,5
HMDB0039020,13,5
HMDB0039021,13,5
HMDB0039022,13,5
HMDB0039034,13,5
HMDB0039036,13,5
HMDB0039037,13,5
HMDB0039038,13,5
HMDB0039042,13,5
HMDB0039045,7,2
HMDB0039046,0,5
HMDB0039057,0,0
HMDB0039058,0,0
HMDB0039059,0,0
HMDB0039063,0,0
HMDB0039065,13,5
HMDB0039066,0,0
HMDB0039067,0,0
HMDB0039068,13,5
HMDB0039069,13,5
HMDB0039097,7,2
HMDB0039100,0,0
HMDB0039102,1,11
HMDB0039105,0,0
HMDB0039120,13,5
HMDB0039125,1,11
HMDB0039132,0,0
HMDB0039137,13,5
HMDB0039142,10,13
HMDB0039146,4,4
HMDB0039147,7,2
HMDB0039153,7,9
HMDB0039159,7,9
HMDB0039166,10,13
HMDB0039167,10,13
HMDB0039169,10,13
HMDB0039172,13,5
HMDB0039209,1,11
HMDB0039238,1,11
HMDB0039273,0,0
HMDB0039309,0,0
HMDB0039327,0,0
HMDB0039334,0,0
HMDB0039377,10,13
HMDB0039380,13,5
HMDB0039385,10,13
HMDB0039404,10,13
HMDB0039455,1,11
HMDB0039493,4,4
HMDB0039500,10,13
HMDB0039502,10,13
HMDB0039503,0,0
HMDB0039521,4,4
HMDB0039564,13,5
HMDB0039578,4,13
HMDB0039601,0,0
HMDB0039607,0,0
HMDB0039611,0,0
HMDB0039612,1,11
HMDB0039617,10,13
HMDB0039632,10,13
HMDB0039633,10,13
HMDB0039634,10,13
HMDB0039637,1,11
HMDB0039656,1,11
HMDB0039661,3,9
HMDB0039684,3,9
HMDB0039732,0,0
HMDB0039755,0,0
HMDB0039756,0,0
HMDB0039765,10,13
HMDB0039767,0,0
HMDB0039775,0,0
HMDB0039803,3,1
HMDB0039808,10,13
HMDB0039820,1,11
HMDB0039858,10,13
HMDB0039873,4,4
HMDB0039902,13,5
HMDB0039914,13,5
HMDB0039917,13,5
HMDB0039959,0,0
HMDB0039960,0,0
HMDB0040007,1,11
HMDB0040012,7,2
HMDB0040121,13,5
HMDB0040129,13,5
HMDB0040134,0,0
HMDB0040164,11,12
HMDB0040284,3,9
HMDB0040286,7,2
HMDB0040303,0,13
HMDB0040308,0,0
HMDB0040311,10,13
HMDB0040320,0,0
HMDB0040326,7,2
HMDB0040354,0,13
HMDB0040355,0,0
HMDB0040357,0,0
HMDB0040358,1,11
HMDB0040369,0,0
HMDB0040380,4,4
HMDB0040381,10,13
HMDB0040382,4,4
HMDB0040383,10,13
HMDB0040407,4,4
HMDB0040408,4,4
HMDB0040412,1,11
HMDB0040465,0,0
HMDB0040513,13,5
HMDB0040533,13,5
HMDB0040545,13,5
HMDB0040556,13,5
HMDB0040565,13,5
HMDB0040568,13,5
HMDB0040630,10,13
HMDB0040670,0,0
HMDB0040675,13,5
HMDB0040683,10,13
HMDB0040692,0,0
HMDB0040694,4,4
HMDB0040699,10,13
HMDB0040700,10,13
HMDB0040713,13,5
HMDB0040746,0,0
HMDB0040762,1,11
HMDB0040774,0,0
HMDB0040786,10,13
HMDB0040793,13,5
HMDB0040794,10,13
HMDB0040796,0,5
HMDB0040809,13,5
HMDB0040811,0,0
HMDB0040813,13,5
HMDB0040823,3,9
HMDB0040834,0,0
HMDB0040837,13,5
HMDB0040866,0,0
HMDB0040869,4,4
HMDB0040876,10,13
HMDB0040889,1,11
HMDB0040893,1,11
HMDB0040903,4,4
HMDB0040915,4,4
HMDB0040926,10,13
HMDB0040929,4,4
HMDB0040930,4,4
HMDB0040931,4,4
HMDB0040935,0,0
HMDB0040936,10,13
HMDB0040981,4,11
HMDB0041008,1,11
HMDB0041045,13,5
HMDB0041064,4,4
HMDB0041088,13,5
HMDB0041089,10,13
HMDB0041090,4,4
HMDB0041098,13,5
HMDB0041122,7,2
HMDB0041123,7,2
HMDB0041142,10,13
HMDB0041167,0,0
HMDB0041168,4,4
HMDB0041169,10,13
HMDB0041174,0,0
HMDB0041192,10,4
HMDB0041195,1,11
HMDB0041214,13,5
HMDB0041234,10,13
HMDB0041245,10,13
HMDB0041251,0,0
HMDB0041265,13,5
HMDB0041272,10,13
HMDB0041273,0,0
HMDB0041297,0,0
HMDB0041298,10,13
HMDB0041299,10,13
HMDB0041304,4,4
HMDB0041307,13,5
HMDB0041310,4,4
HMDB0041315,3,9
HMDB0041317,3,9
HMDB0041319,1,4
HMDB0041322,10,13
HMDB0041341,13,5
HMDB0041370,0,0
HMDB0041372,0,0
HMDB0041385,13,5
HMDB0041386,0,0
HMDB0041394,13,5
HMDB0041395,10,13
HMDB0041400,0,0
HMDB0041401,0,0
HMDB0041407,13,5
HMDB0041439,4,4
HMDB0041441,0,0
HMDB0041451,0,0
HMDB0041460,1,11
HMDB0041468,4,4
HMDB0041469,1,11
HMDB0041488,10,13
HMDB0041518,10,13
HMDB0041519,0,0
HMDB0041537,0,0
HMDB0041543,10,13
HMDB0041564,7,2
HMDB0041567,13,5
HMDB0041576,3,9
HMDB0041645,10,13
HMDB0041647,1,11
HMDB0041649,10,13
HMDB0041650,10,13
HMDB0041651,10,13
HMDB0041652,4,4
HMDB0041654,4,4
HMDB0041655,4,4
HMDB0041656,4,4
HMDB0041657,4,4
HMDB0041658,10,13
HMDB0041660,4,4
HMDB0041667,0,0
HMDB0041672,10,13
HMDB0041678,4,4
HMDB0041681,10,13
HMDB0041682,10,13
HMDB0041686,10,13
HMDB0041688,4,4
HMDB0041689,10,13
HMDB0041691,7,2
HMDB0041693,13,5
HMDB0041696,4,4
HMDB0041697,10,13
HMDB0041698,4,4
HMDB0041699,10,13
HMDB0041700,10,13
HMDB0041702,10,13
HMDB0041712,4,4
HMDB0041714,1,11
HMDB0041723,0,0
HMDB0041731,13,5
HMDB0041732,13,5
HMDB0041747,0,0
HMDB0041749,0,0
HMDB0041770,0,0
HMDB0041776,10,13
HMDB0041778,0,0
HMDB0041787,13,5
HMDB0041790,0,0
HMDB0041793,11,12
HMDB0041807,7,2
HMDB0041808,6,8
HMDB0041817,10,13
HMDB0041858,1,11
HMDB0041860,10,13
HMDB0041872,7,2
HMDB0041873,1,11
HMDB0041882,10,13
HMDB0041886,0,0
HMDB0041895,10,13
HMDB0041907,13,5
HMDB0041908,0,0
HMDB0041913,1,11
HMDB0041920,4,11
HMDB0041937,13,5
HMDB0041951,1,11
HMDB0041969,13,5
HMDB0041970,13,5
HMDB0041986,0,0
HMDB0041996,10,13
HMDB0042002,5,10
HMDB0042005,13,5
HMDB0042044,13,5
HMDB0042058,1,11
HMDB0042059,13,5
HMDB0059622,7,2
HMDB0059631,2,6
HMDB0059651,10,13
HMDB0059677,7,9
HMDB0059696,3,9
HMDB0059701,11,1
HMDB0059732,4,4
HMDB0059733,6,8
HMDB0059741,4,4
HMDB0059746,0,0
HMDB0059759,0,0
HMDB0059764,9,7
HMDB0059765,1,11
HMDB0059772,4,4
HMDB0059782,1,11
HMDB0059797,11,12
HMDB0059798,11,12
HMDB0059799,11,12
HMDB0059800,11,12
HMDB0059801,11,12
HMDB0059802,3,9
HMDB0059803,6,8
HMDB0059854,11,1
HMDB0059897,12,1
HMDB0059904,3,9
HMDB0059943,3,9
HMDB0059976,4,4
HMDB0059977,0,13
HMDB0059978,10,13
HMDB0059980,0,0
HMDB0059983,7,2
HMDB0059985,10,13
HMDB0059987,4,4
HMDB0059990,13,5
HMDB0059991,13,5
HMDB0059993,4,4
HMDB0059996,10,13
HMDB0060001,0,0
HMDB0060002,1,11
HMDB0060006,4,4
HMDB0060008,4,4
HMDB0060022,13,5
HMDB0060027,13,5
HMDB0060029,10,13
HMDB0060030,13,5
HMDB0060031,10,13
HMDB0060032,13,5
HMDB0060042,0,0
HMDB0060077,0,0
HMDB0060091,1,11
HMDB0060103,0,0
HMDB0060104,0,0
HMDB0060112,0,0
HMDB0060114,0,0
HMDB0060122,13,5
HMDB0060127,13,5
HMDB0060301,12,1
HMDB0060303,11,12
HMDB0060316,13,5
HMDB0060319,10,13
HMDB0060321,7,2
HMDB0060322,9,7
HMDB0060324,11,12
HMDB0060325,9,7
HMDB0060328,1,11
HMDB0060331,7,2
HMDB0060332,7,2
HMDB0060337,7,2
HMDB0060349,11,12
HMDB0060352,10,13
HMDB0060353,10,13
HMDB0060359,0,0
HMDB0060380,10,13
HMDB0060383,13,5
HMDB0060388,10,13
HMDB0060389,3,9
HMDB0060420,10,13
HMDB0060438,4,4
HMDB0060484,1,11
HMDB0060491,13,5
HMDB0060510,13,5
HMDB0060512,7,2
HMDB0060517,10,13
HMDB0060519,10,13
HMDB0060524,1,11
HMDB0060531,7,2
HMDB0060534,0,0
HMDB0060535,12,1
HMDB0060538,4,4
HMDB0060542,4,4
HMDB0060554,10,13
HMDB0060571,0,0
HMDB0060579,0,0
HMDB0060582,0,0
HMDB0060583,13,5
HMDB0060590,0,0
HMDB0060594,4,13
HMDB0060600,0,0
HMDB0060603,1,11
HMDB0060606,7,2
HMDB0060607,13,5
HMDB0060610,4,4
HMDB0060617,0,0
HMDB0060629,13,5
HMDB0060630,10,13
HMDB0060631,10,13
HMDB0060632,1,11
HMDB0060642,10,13
HMDB0060647,4,4
HMDB0060651,1,11
HMDB0060652,7,2
HMDB0060653,1,11
HMDB0060658,7,2
HMDB0060670,7,2
HMDB0060675,7,2
HMDB0060676,1,11
HMDB0060699,10,13
HMDB0060701,1,11
HMDB0060702,1,11
HMDB0060715,3,9
HMDB0060718,10,13
HMDB0060759,10,13
HMDB0060764,10,13
HMDB0060766,4,4
HMDB0060771,10,13
HMDB0060772,13,5
HMDB0060775,0,0
HMDB0060776,0,0
HMDB0060778,7,2
HMDB0060788,0,0
HMDB0060800,7,2
HMDB0060802,10,13
HMDB0060803,10,13
HMDB0060809,13,5
HMDB0060816,4,4
HMDB0060824,13,5
HMDB0060826,10,13
HMDB0060831,0,13
HMDB0060832,0,0
HMDB0060835,13,5
HMDB0060837,13,5
HMDB0060838,0,0
HMDB0060839,13,5
HMDB0060841,10,13
HMDB0060843,1,11
HMDB0060846,0,0
HMDB0060848,13,5
HMDB0060850,1,11
HMDB0060851,1,11
HMDB0060853,0,0
HMDB0060858,13,5
HMDB0060861,4,4
HMDB0060869,13,5
HMDB0060873,13,5
HMDB0060885,10,13
HMDB0060886,10,13
HMDB0060888,10,13
HMDB0060890,10,13
HMDB0060898,13,5
HMDB0060899,4,4
HMDB0060903,10,13
HMDB0060905,10,13
HMDB0060910,0,0
HMDB0060911,0,0
HMDB0060915,13,5
HMDB0060917,4,4
HMDB0060918,13,5
HMDB0060920,7,2
HMDB0060923,13,5
HMDB0060924,4,4
HMDB0060925,4,4
HMDB0060927,0,0
HMDB0060930,13,5
HMDB0060932,13,5
HMDB0060941,13,5
HMDB0060942,13,5
HMDB0060943,4,4
HMDB0060944,4,4
HMDB0060945,1,11
HMDB0060947,4,4
HMDB0060948,7,2
HMDB0060951,1,11
HMDB0060956,4,4
HMDB0060961,7,2
HMDB0060966,10,13
HMDB0060969,10,13
HMDB0060970,4,4
HMDB0060977,0,0
HMDB0060980,0,0
HMDB0060984,3,9
HMDB0060988,0,0
HMDB0060993,7,2
HMDB0060995,0,0
HMDB0061000,10,13
HMDB0061005,13,5
HMDB0061006,7,2
HMDB0061039,3,9
HMDB0061040,13,5
HMDB0061046,13,5
HMDB0061055,10,13
HMDB0061059,13,5
HMDB0061060,13,5
HMDB0061061,10,13
HMDB0061062,0,0
HMDB0061069,0,0
HMDB0061090,0,0
HMDB0061105,0,0
HMDB0061110,0,0
HMDB0061139,13,5
HMDB0061142,13,5
HMDB0061143,4,4
HMDB0061155,1,11
HMDB0061170,13,5
HMDB0061385,1,11
HMDB0061387,4,4
HMDB0061643,10,13
HMDB0061682,1,11
HMDB0061689,13,5
HMDB0061720,13,5
HMDB0061721,13,5
HMDB0061744,1,11
HMDB0061748,4,4
HMDB0061755,10,13
HMDB0061813,6,8
HMDB0061814,12,1
HMDB0061824,3,9
HMDB0061832,3,1
HMDB0061841,3,9
HMDB0061853,7,9
HMDB0061854,1,4
HMDB0062175,1,11
HMDB0062177,4,4
HMDB0062178,10,13
HMDB0062188,11,12
HMDB0062189,11,7
HMDB0062274,13,5
HMDB0062275,0,0
HMDB0062282,13,5
HMDB0062292,13,5
HMDB0062408,0,0
HMDB0062438,7,2
HMDB0062470,4,4
HMDB0062479,0,0
HMDB0062503,11,7
HMDB0062581,0,0
HMDB0062612,13,5
HMDB0062679,13,5
HMDB0062691,0,0
HMDB0062712,13,5
HMDB0062723,6,8
HMDB0094645,10,13
HMDB0094673,1,11
HMDB0112083,4,4
HMDB0112094,4,4
HMDB0124994,0,0
HMDB0125161,0,0
HMDB0127731,13,5
HMDB0127769,10,13
HMDB0127983,0,0
HMDB0129424,0,0
HMDB0130523,13,5
HMDB0132893,4,4
HMDB0240215,0,0
HMDB0240216,13,5
HMDB0240220,10,13
HMDB0240221,1,11
HMDB0240232,13,5
HMDB0240237,10,13
HMDB0240238,7,2
HMDB0240244,13,5
HMDB0240247,7,2
HMDB0240250,1,11
HMDB0240285,4,4
HMDB0240369,10,13
HMDB0240371,0,0
HMDB0240377,13,5
HMDB0240378,0,0
HMDB0240433,13,5
HMDB0240438,0,0
HMDB0240440,0,0
HMDB0240442,0,0
HMDB0240464,0,0
HMDB0240465,1,4
HMDB0240471,13,0
HMDB0240474,4,4
HMDB0240475,0,0
HMDB0240487,0,0
HMDB0240492,13,5
HMDB0240498,3,9
HMDB0240500,4,4
HMDB0240502,1,11
HMDB0240504,0,0
HMDB0240506,0,0
HMDB0240508,0,0
HMDB0240510,0,0
HMDB0240513,0,0
HMDB0240515,10,13
HMDB0240522,10,13
HMDB0240525,0,0
HMDB0240526,0,0
HMDB0240538,0,0
HMDB0240539,10,13
HMDB0240546,10,13
HMDB0240548,0,0
HMDB0240563,10,13
HMDB0240564,0,0
HMDB0240566,13,5
HMDB0240567,10,13
HMDB0240569,4,4
HMDB0240570,10,13
HMDB0240572,0,0
HMDB0240573,0,0
HMDB0240591,0,0
HMDB0240640,7,2
HMDB0240642,3,9
HMDB0240657,1,11
HMDB0240658,1,11
HMDB0240660,4,11
HMDB0240661,4,4
HMDB0240700,1,11
HMDB0240708,12,1
HMDB0240711,2,8
HMDB0240712,6,8
HMDB0240715,3,9
HMDB0240716,4,4
HMDB0240720,4,4
HMDB0240721,4,4
HMDB0240725,0,0
HMDB0240727,13,5
HMDB0241253,0,0
HMDB0241799,13,5
HMDB0241886,13,5
HMDB0241994,13,5
HMDB0241999,13,5
HMDB0242009,13,5
HMDB0242015,13,5
HMDB0242066,13,5
HMDB0242106,4,4
HMDB0242114,13,5
HMDB0242129,4,4
HMDB0242143,7,2
HMDB0242146,4,4
HMDB0242152,3,2
HMDB0242153,0,0
HMDB0242214,1,11
HMDB0242230,13,5
HMDB0242239,7,2
HMDB0242253,0,0
HMDB0242263,4,4
HMDB0242266,0,0
HMDB0242278,13,5
HMDB0242298,0,0
HMDB0242309,4,4
HMDB0242310,0,0
HMDB0242340,0,0
HMDB0242401,13,5
HMDB0242406,13,5
HMDB0242411,13,5
HMDB0242438,13,5
HMDB0242441,13,5
HMDB0242445,13,5
HMDB0242458,13,5
HMDB0242474,10,13
HMDB0242481,4,4
HMDB0242503,13,5
HMDB0242547,0,0
HMDB0242556,10,13
HMDB0242567,10,13
HMDB0242590,10,13
HMDB0242619,4,4
HMDB0242646,1,11
HMDB0242661,10,13
HMDB0242666,13,5
HMDB0242697,4,4
HMDB0242721,13,5
HMDB0242725,0,0
HMDB0243490,10,13
HMDB0243522,4,4
HMDB0243534,10,13
HMDB0243545,0,0
HMDB0243551,10,13
HMDB0243591,13,5
HMDB0243628,13,5
HMDB0243640,10,13
HMDB0243652,4,4
HMDB0243678,1,11
HMDB0243694,13,5
HMDB0243739,3,9
HMDB0243773,7,2
HMDB0243804,4,4
HMDB0243809,0,0
HMDB0243812,1,11
HMDB0243816,1,11
HMDB0243820,11,12
HMDB0243831,1,11
HMDB0243837,7,2
HMDB0243892,7,2
HMDB0243898,7,2
HMDB0243925,3,2
HMDB0243929,12,1
HMDB0243932,1,11
HMDB0243934,13,0
HMDB0243936,3,9
HMDB0243945,11,12
HMDB0243955,11,12
HMDB0243957,11,12
HMDB0243958,3,12
HMDB0243959,7,2
HMDB0243960,11,12
HMDB0243961,11,12
HMDB0243962,11,12
HMDB0243963,3,12
HMDB0243965,0,0
HMDB0243967,7,2
HMDB0243968,11,12
HMDB0243984,10,13
HMDB0243990,6,8
HMDB0244004,4,4
HMDB0244005,11,12
HMDB0244007,11,12
HMDB0244008,7,2
HMDB0244010,1,11
HMDB0244053,11,7
HMDB0244054,3,9
HMDB0244055,1,11
HMDB0244078,10,13
HMDB0244083,11,12
HMDB0244093,2,6
HMDB0244094,6,8
HMDB0244095,6,8
HMDB0244101,3,9
HMDB0244116,12,1
HMDB0244118,7,2
HMDB0244192,0,0
HMDB0244212,7,2
HMDB0244215,9,7
HMDB0244221,6,8
HMDB0244232,11,12
HMDB0244234,12,1
HMDB0244235,12,1
HMDB0244247,12,1
HMDB0244253,11,12
HMDB0244275,13,5
HMDB0244280,4,4
HMDB0244287,0,0
HMDB0244288,3,9
HMDB0244308,0,0
HMDB0244312,0,0
HMDB0244335,13,5
HMDB0244337,10,13
HMDB0244342,4,4
HMDB0244387,13,5
HMDB0244393,4,4
HMDB0244396,0,0
HMDB0244398,0,0
HMDB0244403,0,0
HMDB0244404,13,5
HMDB0244406,4,4
HMDB0244408,0,0
HMDB0244410,0,13
HMDB0244411,4,4
HMDB0244418,0,0
HMDB0244419,10,13
HMDB0244424,10,13
HMDB0244433,10,13
HMDB0244439,4,4
HMDB0244459,0,0
HMDB0244463,13,5
HMDB0244472,0,0
HMDB0244480,4,4
HMDB0244491,13,5
HMDB0244493,4,4
HMDB0244497,13,5
HMDB0244499,1,11
HMDB0244516,0,0
HMDB0244526,13,5
HMDB0244537,3,9
HMDB0244543,0,0
HMDB0244544,4,4
HMDB0244545,12,1
HMDB0244548,13,5
HMDB0244553,10,13
HMDB0244556,10,13
HMDB0244558,4,4
HMDB0244561,10,13
HMDB0244562,0,0
HMDB0244563,10,13
HMDB0244568,0,0
HMDB0244572,1,11
HMDB0244594,0,0
HMDB0244596,4,4
HMDB0244611,4,4
HMDB0244616,7,2
HMDB0244646,10,13
HMDB0244654,10,13
HMDB0244656,4,4
HMDB0244678,4,4
HMDB0244681,13,5
HMDB0244683,7,2
HMDB0244689,1,11
HMDB0244699,10,13
HMDB0244702,13,5
HMDB0244703,3,9
HMDB0244705,7,2
HMDB0244709,10,13
HMDB0244714,10,13
HMDB0244730,0,0
HMDB0244736,4,4
HMDB0244751,10,13
HMDB0244782,10,13
HMDB0244786,4,4
HMDB0244793,10,13
HMDB0244819,0,0
HMDB0244822,0,0
HMDB0244853,0,0
HMDB0244859,10,13
HMDB0244864,7,2
HMDB0244888,7,2
HMDB0244921,1,11
HMDB0244924,1,11
HMDB0244925,10,13
HMDB0244932,1,11
HMDB0244962,10,13
HMDB0244967,1,11
HMDB0244969,1,11
HMDB0244995,7,2
HMDB0245005,7,2
HMDB0245007,11,12
HMDB0245011,6,8
HMDB0245018,3,9
HMDB0245031,1,11
HMDB0245035,3,9
HMDB0245056,4,4
HMDB0245066,6,8
HMDB0245141,11,12
HMDB0245147,1,11
HMDB0245153,10,13
HMDB0245170,1,11
HMDB0245184,11,12
HMDB0245208,4,4
HMDB0245217,3,9
HMDB0245218,7,2
HMDB0245246,13,5
HMDB0245247,4,4
HMDB0245248,11,12
HMDB0245249,11,12
HMDB0245251,3,12
HMDB0245254,10,13
HMDB0245267,1,11
HMDB0245294,3,12
HMDB0245307,4,4
HMDB0245327,12,1
HMDB0245357,12,1
HMDB0245358,7,2
HMDB0245379,3,9
HMDB0245380,1,11
HMDB0245390,12,1
HMDB0245424,7,2
HMDB0245457,1,11
HMDB0245485,12,1
HMDB0245505,3,9
HMDB0245513,6,8
HMDB0245539,0,0
HMDB0245540,10,13
HMDB0245559,1,11
HMDB0245576,4,13
HMDB0245592,1,11
HMDB0245596,10,13
HMDB0245598,13,5
HMDB0245602,13,5
HMDB0245619,13,5
HMDB0245629,0,0
HMDB0245634,0,0
HMDB0245651,7,2
HMDB0245654,1,4
HMDB0245662,13,5
HMDB0245676,7,2
HMDB0245699,10,13
HMDB0245702,3,9
HMDB0245718,13,5
HMDB0245735,13,5
HMDB0245742,0,0
HMDB0245743,3,2
HMDB0245772,4,4
HMDB0245782,1,11
HMDB0245783,3,9
HMDB0245796,7,2
HMDB0245825,1,11
HMDB0245831,10,13
HMDB0245832,13,5
HMDB0245853,0,0
HMDB0245869,3,12
HMDB0245881,1,11
HMDB0245901,13,5
HMDB0245911,4,4
HMDB0245926,10,13
HMDB0245939,7,2
HMDB0245941,13,5
HMDB0245942,0,0
HMDB0245967,3,9
HMDB0245972,1,11
HMDB0245975,1,11
HMDB0245982,4,4
HMDB0245994,6,8
HMDB0246000,6,8
HMDB0246001,7,2
HMDB0246026,7,2
HMDB0246045,7,2
HMDB0246054,12,1
HMDB0246059,7,9
HMDB0246061,0,0
HMDB0246076,10,13
HMDB0246110,10,13
HMDB0246115,3,9
HMDB0246138,4,4
HMDB0246142,4,4
HMDB0246146,13,5
HMDB0246153,4,4
HMDB0246176,1,11
HMDB0246182,0,0
HMDB0246185,10,13
HMDB0246194,0,0
HMDB0246196,0,0
HMDB0246207,3,9
HMDB0246223,0,0
HMDB0246234,7,2
HMDB0246244,13,5
HMDB0246250,4,4
HMDB0246282,10,13
HMDB0246287,1,11
HMDB0246294,3,9
HMDB0246296,10,13
HMDB0246297,4,4
HMDB0246312,3,9
HMDB0246323,7,2
HMDB0246338,7,2
HMDB0246347,7,2
HMDB0246351,12,1
HMDB0246364,12,1
HMDB0246372,7,2
HMDB0246373,4,4
HMDB0246375,1,11
HMDB0246378,3,9
HMDB0246379,12,1
HMDB0246388,3,9
HMDB0246395,2,8
HMDB0246421,1,11
HMDB0246440,4,4
HMDB0246489,7,2
HMDB0246491,3,9
HMDB0246508,3,9
HMDB0246516,4,13
HMDB0246526,7,2
HMDB0246549,7,2
HMDB0246573,7,2
HMDB0246581,4,4
HMDB0246600,6,8
HMDB0246603,6,8
HMDB0246605,3,9
HMDB0246618,10,13
HMDB0246619,10,13
HMDB0246626,10,13
HMDB0246634,1,11
HMDB0246646,4,4
HMDB0246654,4,4
HMDB0246655,7,2
HMDB0246668,11,12
HMDB0246680,10,13
HMDB0246686,7,2
HMDB0246692,7,2
HMDB0246698,13,5
HMDB0246699,4,4
HMDB0246716,7,9
HMDB0246719,4,4
HMDB0246720,10,13
HMDB0246722,0,0
HMDB0246755,7,2
HMDB0246756,4,4
HMDB0246757,13,5
HMDB0246761,1,11
HMDB0246763,13,5
HMDB0246769,0,0
HMDB0246771,0,0
HMDB0246785,7,2
HMDB0246799,0,0
HMDB0246804,10,13
HMDB0246810,10,13
HMDB0246859,12,1
HMDB0246889,0,0
HMDB0246942,0,0
HMDB0246943,0,0
HMDB0246963,4,11
HMDB0246975,0,0
HMDB0246984,11,12
HMDB0246986,7,2
HMDB0246987,3,2
HMDB0246994,4,4
HMDB0247006,7,2
HMDB0247024,3,12
HMDB0247033,7,2
HMDB0247038,13,5
HMDB0247045,0,0
HMDB0247048,10,13
HMDB0247073,0,0
HMDB0247077,0,0
HMDB0247083,1,11
HMDB0247086,7,2
HMDB0247097,1,11
HMDB0247098,4,4
HMDB0247106,4,4
HMDB0247112,4,4
HMDB0247116,3,2
HMDB0247123,3,9
HMDB0247127,11,12
HMDB0247137,3,9
HMDB0247140,7,2
HMDB0247141,13,5
HMDB0247170,4,4
HMDB0247182,0,0
HMDB0247186,0,0
HMDB0247208,13,5
HMDB0247227,10,13
HMDB0247229,4,4
HMDB0247230,7,2
HMDB0247234,10,13
HMDB0247236,10,13
HMDB0247238,10,13
HMDB0247240,0,0
HMDB0247248,7,2
HMDB0247249,4,4
HMDB0247255,0,0
HMDB0247256,13,5
HMDB0247257,7,2
HMDB0247260,10,13
HMDB0247264,13,5
HMDB0247269,1,11
HMDB0247271,4,4
HMDB0247272,4,4
HMDB0247274,13,5
HMDB0247284,13,5
HMDB0247285,4,4
HMDB0247289,1,11
HMDB0247290,1,11
HMDB0247291,1,11
HMDB0247297,4,4
HMDB0247303,3,9
HMDB0247304,1,11
HMDB0247313,12,1
HMDB0247320,0,0
HMDB0247325,7,2
HMDB0247328,4,4
HMDB0247332,4,4
HMDB0247344,0,0
HMDB0247352,10,13
HMDB0247366,13,5
HMDB0247374,13,5
HMDB0247378,4,4
HMDB0247386,10,13
HMDB0247391,1,11
HMDB0247394,12,1
HMDB0247396,0,0
HMDB0247412,13,5
HMDB0247444,1,2
HMDB0247450,12,1
HMDB0247472,1,11
HMDB0247479,13,5
HMDB0247483,4,4
HMDB0247500,10,13
HMDB0247503,1,11
HMDB0247506,13,5
HMDB0247514,10,13
HMDB0247536,13,5
HMDB0247541,13,5
HMDB0247554,13,5
HMDB0247561,6,8
HMDB0247563,0,0
HMDB0247574,11,12
HMDB0247578,11,12
HMDB0247580,7,2
HMDB0247581,11,12
HMDB0247582,11,12
HMDB0247593,7,2
HMDB0247600,7,11
HMDB0247602,10,13
HMDB0247612,7,2
HMDB0247615,9,7
HMDB0247637,10,13
HMDB0247641,13,5
HMDB0247642,4,4
HMDB0247644,10,13
HMDB0247652,13,5
HMDB0247660,13,5
HMDB0247661,0,0
HMDB0247678,3,9
HMDB0247682,0,0
HMDB0247685,13,5
HMDB0247693,13,0
HMDB0247700,10,13
HMDB0247709,10,13
HMDB0247712,10,13
HMDB0247719,4,4
HMDB0247730,10,13
HMDB0247738,0,0
HMDB0247739,0,0
HMDB0247743,0,0
HMDB0247745,10,13
HMDB0247759,13,0
HMDB0247761,0,0
HMDB0247762,13,5
HMDB0247766,10,0
HMDB0247769,0,0
HMDB0247773,0,0
HMDB0247783,13,5
HMDB0247800,13,5
HMDB0247807,0,0
HMDB0247830,13,5
HMDB0247856,7,2
HMDB0247882,10,13
HMDB0247885,13,5
HMDB0247889,4,4
HMDB0247892,13,5
HMDB0247899,9,7
HMDB0247900,9,7
HMDB0247903,10,13
HMDB0247959,10,13
HMDB0247971,1,11
HMDB0247995,0,0
HMDB0247996,13,5
HMDB0248000,10,13
HMDB0248012,13,5
HMDB0248018,0,0
HMDB0248034,13,5
HMDB0248050,0,0
HMDB0248051,13,5
HMDB0248054,0,0
HMDB0248067,13,5
HMDB0248072,13,5
HMDB0248085,13,5
HMDB0248090,10,13
HMDB0248095,13,5
HMDB0248122,4,4
HMDB0248130,13,5
HMDB0248144,7,2
HMDB0248145,0,0
HMDB0248162,1,11
HMDB0248173,13,0
HMDB0248177,0,0
HMDB0248190,7,2
HMDB0248221,0,0
HMDB0248241,3,9
HMDB0248258,4,4
HMDB0248259,1,11
HMDB0248260,13,5
HMDB0248283,13,5
HMDB0248289,1,4
HMDB0248295,13,5
HMDB0248303,10,13
HMDB0248313,2,6
HMDB0248325,4,4
HMDB0248338,1,11
HMDB0248345,10,13
HMDB0248346,4,4
HMDB0248347,0,0
HMDB0248350,10,13
HMDB0248351,0,0
HMDB0248358,10,13
HMDB0248363,10,13
HMDB0248367,13,5
HMDB0248368,0,0
HMDB0248369,13,5
HMDB0248373,13,5
HMDB0248387,10,13
HMDB0248393,10,13
HMDB0248405,4,4
HMDB0248438,7,2
HMDB0248447,13,5
HMDB0248459,9,7
HMDB0248460,5,10
HMDB0248461,11,12
HMDB0248462,3,2
HMDB0248463,3,9
HMDB0248468,6,8
HMDB0248470,6,8
HMDB0248485,4,4
HMDB0248486,7,2
HMDB0248495,13,5
HMDB0248502,13,5
HMDB0248505,0,0
HMDB0248513,13,5
HMDB0248515,13,5
HMDB0248527,1,11
HMDB0248539,13,5
HMDB0248542,10,4
HMDB0248580,0,0
HMDB0248593,0,0
HMDB0248632,13,5
HMDB0248645,0,0
HMDB0248689,0,13
HMDB0248691,10,13
HMDB0248694,0,0
HMDB0248714,10,13
HMDB0248733,7,2
HMDB0248735,13,5
HMDB0248744,13,5
HMDB0248745,13,5
HMDB0248748,13,5
HMDB0248750,13,5
HMDB0248759,3,9
HMDB0248764,10,13
HMDB0248771,13,0
HMDB0248772,10,13
HMDB0248773,13,5
HMDB0248775,13,5
HMDB0248778,13,5
HMDB0248784,13,5
HMDB0248785,13,5
HMDB0248786,13,5
HMDB0248789,13,5
HMDB0248802,13,5
HMDB0248805,13,5
HMDB0248813,2,6
HMDB0248818,13,5
HMDB0248819,13,5
HMDB0248821,0,0
HMDB0248823,12,1
HMDB0248835,0,0
HMDB0248851,13,5
HMDB0248865,0,13
HMDB0248873,0,0
HMDB0248875,13,5
HMDB0248877,10,13
HMDB0248886,10,13
HMDB0248887,0,0
HMDB0248891,0,0
HMDB0248896,13,5
HMDB0248916,13,5
HMDB0248928,13,5
HMDB0248934,13,5
HMDB0248937,1,11
HMDB0248938,10,13
HMDB0248946,10,13
HMDB0248949,10,13
HMDB0248955,10,13
HMDB0248956,10,13
HMDB0248957,13,5
HMDB0248959,0,0
HMDB0248961,0,0
HMDB0248963,1,11
HMDB0248969,11,12
HMDB0248973,12,1
HMDB0248974,7,2
HMDB0248990,6,8
HMDB0248991,12,1
HMDB0248997,4,4
HMDB0248998,1,11
HMDB0249000,10,13
HMDB0249005,9,7
HMDB0249008,3,12
HMDB0249019,0,0
HMDB0249020,0,0
HMDB0249022,6,8
HMDB0249023,1,11
HMDB0249033,0,0
HMDB0249054,4,4
HMDB0249056,7,2
HMDB0249061,10,13
HMDB0249062,10,13
HMDB0249063,7,2
HMDB0249071,7,2
HMDB0249074,7,2
HMDB0249076,3,9
HMDB0249079,3,9
HMDB0249082,13,5
HMDB0249091,4,4
HMDB0249109,1,11
HMDB0249138,1,4
HMDB0249183,12,1
HMDB0249192,13,5
HMDB0249195,4,4
HMDB0249198,0,0
HMDB0249204,0,0
HMDB0249207,10,13
HMDB0249208,0,0
HMDB0249216,10,13
HMDB0249231,0,0
HMDB0249232,8,3
HMDB0249235,13,5
HMDB0249252,12,1
HMDB0249277,12,1
HMDB0249294,0,0
HMDB0249304,0,0
HMDB0249307,0,0
HMDB0249310,13,5
HMDB0249311,13,5
HMDB0249312,0,0
HMDB0249319,13,5
HMDB0249324,10,13
HMDB0249332,1,11
HMDB0249337,13,5
HMDB0249344,13,5
HMDB0249353,10,13
HMDB0249355,10,13
HMDB0249356,4,13
HMDB0249370,4,4
HMDB0249379,13,5
HMDB0249386,13,5
HMDB0249387,13,5
HMDB0249389,0,0
HMDB0249396,10,13
HMDB0249397,0,0
HMDB0249420,13,5
HMDB0249426,4,4
HMDB0249436,13,5
HMDB0249463,4,13
HMDB0249486,0,0
HMDB0249488,4,4
HMDB0249489,13,5
HMDB0249490,10,13
HMDB0249493,0,0
HMDB0249523,13,5
HMDB0249525,4,4
HMDB0249531,10,13
HMDB0249535,13,5
HMDB0249541,13,5
HMDB0249561,0,0
HMDB0249570,13,5
HMDB0249573,13,5
HMDB0249574,10,13
HMDB0249580,13,5
HMDB0249583,13,5
HMDB0249593,1,11
HMDB0249594,10,13
HMDB0249595,13,5
HMDB0249603,10,13
HMDB0249612,7,2
HMDB0249648,1,11
HMDB0249653,0,0
HMDB0249658,1,11
HMDB0249661,0,0
HMDB0249672,13,5
HMDB0249675,13,5
HMDB0249686,13,5
HMDB0249687,0,0
HMDB0249688,0,13
HMDB0249689,10,13
HMDB0249709,13,5
HMDB0249713,1,11
HMDB0249719,13,5
HMDB0249721,4,4
HMDB0249724,0,0
HMDB0249727,1,11
HMDB0249737,13,5
HMDB0249749,13,5
HMDB0249752,13,5
HMDB0249755,13,5
HMDB0249801,0,0
HMDB0249803,0,0
HMDB0249805,13,5
HMDB0249806,13,5
HMDB0249824,13,5
HMDB0249842,10,13
HMDB0249858,0,0
HMDB0249859,13,5
HMDB0249865,10,13
HMDB0249869,4,4
HMDB0249872,0,0
HMDB0249874,10,13
HMDB0249877,0,0
HMDB0249880,1,11
HMDB0249887,4,4
HMDB0249901,13,5
HMDB0249910,13,5
HMDB0249912,13,5
HMDB0249919,0,0
HMDB0249921,4,4
HMDB0249924,13,5
HMDB0249930,10,13
HMDB0249951,4,4
HMDB0249959,13,5
HMDB0249963,13,5
HMDB0249965,13,5
HMDB0249967,10,13
HMDB0249974,13,5
HMDB0249978,13,5
HMDB0249998,0,0
HMDB0250001,13,5
HMDB0250002,0,0
HMDB0250005,13,5
HMDB0250015,1,11
HMDB0250017,13,5
HMDB0250025,10,13
HMDB0250034,13,5
HMDB0250039,10,13
HMDB0250043,10,13
HMDB0250044,10,13
HMDB0250060,4,4
HMDB0250069,4,4
HMDB0250075,13,5
HMDB0250094,12,1
HMDB0250100,1,11
HMDB0250105,1,11
HMDB0250116,10,13
HMDB0250129,1,11
HMDB0250140,10,13
HMDB0250141,0,0
HMDB0250209,7,2
HMDB0250216,9,7
HMDB0250218,1,11
HMDB0250223,13,5
HMDB0250235,13,5
HMDB0250243,13,5
HMDB0250244,13,5
HMDB0250247,0,0
HMDB0250254,0,0
HMDB0250255,0,0
HMDB0250261,1,11
HMDB0250266,13,5
HMDB0250269,0,0
HMDB0250271,4,4
HMDB0250312,10,13
HMDB0250315,0,0
HMDB0250332,13,5
HMDB0250334,4,4
HMDB0250340,7,2
HMDB0250343,0,0
HMDB0250344,0,0
HMDB0250346,4,4
HMDB0250352,4,4
HMDB0250362,0,0
HMDB0250376,0,0
HMDB0250395,13,5
HMDB0250397,0,0
HMDB0250409,10,13
HMDB0250422,13,5
HMDB0250423,13,5
HMDB0250440,10,13
HMDB0250457,4,4
HMDB0250458,4,4
HMDB0250469,13,5
HMDB0250478,13,5
HMDB0250486,0,0
HMDB0250490,4,4
HMDB0250491,7,2
HMDB0250495,1,11
HMDB0250499,10,13
HMDB0250509,0,0
HMDB0250512,13,5
HMDB0250538,10,13
HMDB0250539,13,5
HMDB0250549,1,11
HMDB0250591,3,9
HMDB0250599,4,4
HMDB0250601,10,13
HMDB0250690,3,9
HMDB0250718,13,5
HMDB0250810,0,0
HMDB0250820,10,13
HMDB0250821,13,5
HMDB0250823,13,5
HMDB0250829,13,5
HMDB0250836,10,13
HMDB0250841,4,4
HMDB0250851,10,13
HMDB0250854,13,5
HMDB0250858,0,0
HMDB0250864,0,0
HMDB0250868,13,5
HMDB0250869,13,5
HMDB0250874,10,13
HMDB0250876,13,5
HMDB0250883,13,5
HMDB0250884,10,13
HMDB0250890,13,5
HMDB0250899,10,13
HMDB0250923,0,0
HMDB0250925,0,0
HMDB0250942,13,5
HMDB0250946,1,11
HMDB0250959,1,11
HMDB0250967,13,5
HMDB0250975,13,5
HMDB0250992,4,4
HMDB0250998,4,4
HMDB0250999,10,13
HMDB0251002,4,4
HMDB0251004,13,5
HMDB0251022,0,0
HMDB0251027,0,0
HMDB0251028,13,5
HMDB0251038,10,13
HMDB0251046,0,0
HMDB0251058,1,11
HMDB0251078,13,5
HMDB0251081,13,5
HMDB0251091,1,11
HMDB0251101,1,11
HMDB0251110,10,13
HMDB0251118,0,0
HMDB0251119,10,13
HMDB0251125,13,5
HMDB0251138,3,12
HMDB0251141,4,4
HMDB0251143,10,13
HMDB0251164,9,7
HMDB0251165,9,7
HMDB0251166,6,8
HMDB0251179,13,5
HMDB0251200,3,9
HMDB0251203,10,13
HMDB0251204,0,0
HMDB0251206,10,13
HMDB0251209,7,2
HMDB0251222,0,0
HMDB0251223,7,2
HMDB0251232,1,4
HMDB0251257,13,5
HMDB0251263,13,5
HMDB0251272,7,2
HMDB0251289,4,4
HMDB0251291,10,13
HMDB0251297,4,4
HMDB0251302,13,5
HMDB0251306,13,5
HMDB0251315,7,11
HMDB0251365,13,5
HMDB0251415,7,11
HMDB0251421,0,0
HMDB0251422,1,11
HMDB0251439,1,11
HMDB0251444,7,2
HMDB0251447,9,6
HMDB0251453,2,6
HMDB0251455,6,8
HMDB0251456,2,6
HMDB0251457,6,8
HMDB0251459,8,6
HMDB0251469,0,0
HMDB0251480,0,0
HMDB0251545,0,0
HMDB0251580,13,5
HMDB0251585,4,4
HMDB0251586,13,5
HMDB0251589,13,5
HMDB0251590,0,0
HMDB0251600,10,13
HMDB0251609,0,5
HMDB0251617,4,4
HMDB0251619,0,0
HMDB0251644,13,5
HMDB0251649,13,5
HMDB0251650,13,5
HMDB0251652,0,0
HMDB0251659,0,13
HMDB0251662,0,0
HMDB0251663,13,5
HMDB0251668,0,0
HMDB0251681,13,5
HMDB0251682,0,0
HMDB0251711,10,13
HMDB0251734,13,5
HMDB0251748,10,13
HMDB0251751,4,4
HMDB0251759,13,5
HMDB0251760,13,5
HMDB0251762,10,13
HMDB0251766,13,5
HMDB0251770,0,0
HMDB0251778,13,5
HMDB0251786,13,5
HMDB0251808,0,0
HMDB0251828,13,5
HMDB0251829,13,5
HMDB0251835,0,0
HMDB0251837,1,11
HMDB0251844,13,5
HMDB0251869,10,13
HMDB0251875,13,5
HMDB0251892,13,5
HMDB0251903,13,5
HMDB0251912,1,11
HMDB0251918,4,4
HMDB0251919,13,5
HMDB0251931,3,9
HMDB0251952,4,4
HMDB0251958,0,0
HMDB0251979,13,5
HMDB0251990,10,13
HMDB0251996,4,4
HMDB0252016,4,4
HMDB0252024,0,0
HMDB0252033,0,0
HMDB0252036,4,4
HMDB0252084,4,4
HMDB0252108,0,0
HMDB0252112,13,5
HMDB0252116,4,4
HMDB0252118,1,11
HMDB0252125,13,5
HMDB0252137,13,5
HMDB0252141,4,4
HMDB0252151,0,0
HMDB0252160,13,5
HMDB0252162,0,0
HMDB0252173,13,5
HMDB0252175,4,4
HMDB0252187,7,11
HMDB0252191,10,13
HMDB0252193,1,11
HMDB0252194,4,4
HMDB0252198,0,0
HMDB0252200,7,2
HMDB0252203,10,13
HMDB0252209,13,5
HMDB0252210,0,0
HMDB0252212,4,4
HMDB0252216,10,13
HMDB0252229,0,0
HMDB0252230,7,2
HMDB0252232,13,5
HMDB0252233,10,13
HMDB0252236,13,5
HMDB0252238,13,5
HMDB0252244,10,13
HMDB0252245,0,0
HMDB0252256,0,0
HMDB0252264,0,0
HMDB0252269,13,5
HMDB0252279,13,5
HMDB0252280,13,5
HMDB0252290,3,9
HMDB0252291,7,2
HMDB0252301,13,5
HMDB0252303,0,0
HMDB0252304,0,0
HMDB0252305,0,0
HMDB0252307,10,13
HMDB0252309,0,0
HMDB0252310,13,5
HMDB0252312,0,0
HMDB0252318,0,0
HMDB0252319,0,0
HMDB0252320,0,0
HMDB0252328,4,4
HMDB0252334,3,9
HMDB0252335,7,2
HMDB0252340,10,13
HMDB0252341,10,13
HMDB0252342,10,13
HMDB0252353,13,5
HMDB0252354,9,7
HMDB0252355,2,6
HMDB0252357,4,4
HMDB0252363,0,0
HMDB0252371,0,0
HMDB0252372,4,4
HMDB0252390,0,0
HMDB0252403,10,13
HMDB0252405,13,5
HMDB0252407,10,13
HMDB0252408,4,4
HMDB0252414,10,13
HMDB0252423,4,4
HMDB0252429,0,0
HMDB0252477,13,5
HMDB0252480,13,5
HMDB0252536,10,13
HMDB0252539,4,4
HMDB0252542,4,13
HMDB0252568,10,13
HMDB0252623,4,4
HMDB0252624,13,5
HMDB0252656,0,0
HMDB0252674,0,0
HMDB0252684,4,4
HMDB0252699,13,5
HMDB0252718,13,5
HMDB0252729,0,0
HMDB0252732,13,5
HMDB0252733,13,5
HMDB0252734,13,5
HMDB0252743,1,11
HMDB0252748,13,5
HMDB0252826,13,5
HMDB0252834,0,0
HMDB0252835,10,13
HMDB0252896,1,11
HMDB0252899,0,0
HMDB0252901,10,13
HMDB0252908,0,0
HMDB0252922,13,5
HMDB0252924,0,0
HMDB0252944,13,5
HMDB0252945,4,4
HMDB0252948,13,5
HMDB0252949,0,0
HMDB0252951,13,5
HMDB0252952,13,5
HMDB0252957,0,0
HMDB0252979,13,5
HMDB0252989,0,0
HMDB0252994,10,13
HMDB0252995,4,4
HMDB0252997,10,13
HMDB0253025,4,4
HMDB0253030,10,13
HMDB0253035,4,13
HMDB0253042,13,5
HMDB0253047,0,0
HMDB0253051,13,5
HMDB0253052,4,4
HMDB0253055,10,13
HMDB0253061,10,13
HMDB0253086,13,5
HMDB0253087,13,5
HMDB0253092,10,13
HMDB0253175,10,13
HMDB0253176,13,5
HMDB0253182,1,11
HMDB0253202,13,5
HMDB0253205,10,13
HMDB0253209,4,4
HMDB0253231,10,13
HMDB0253236,4,4
HMDB0253237,13,5
HMDB0253248,10,0
HMDB0253256,0,0
HMDB0253268,10,13
HMDB0253274,0,0
HMDB0253285,0,0
HMDB0253291,0,0
HMDB0253320,13,5
HMDB0253322,10,13
HMDB0253324,13,5
HMDB0253332,13,5
HMDB0253335,10,13
HMDB0253336,7,2
HMDB0253346,13,5
HMDB0253359,13,5
HMDB0253366,13,5
HMDB0253369,13,5
HMDB0253371,13,5
HMDB0253377,13,5
HMDB0253384,4,13
HMDB0253390,0,0
HMDB0253398,13,5
HMDB0253401,13,5
HMDB0253402,13,5
HMDB0253403,13,5
HMDB0253407,4,4
HMDB0253430,12,1
HMDB0253433,6,8
HMDB0253434,1,11
HMDB0253446,1,11
HMDB0253448,3,9
HMDB0253450,4,4
HMDB0253455,0,0
HMDB0253461,10,13
HMDB0253462,10,13
HMDB0253467,13,5
HMDB0253470,4,4
HMDB0253473,4,4
HMDB0253475,10,13
HMDB0253479,0,0
HMDB0253488,0,0
HMDB0253511,13,5
HMDB0253524,10,13
HMDB0253534,4,4
HMDB0253565,7,2
HMDB0253567,13,5
HMDB0253572,10,13
HMDB0253573,0,0
HMDB0253585,1,11
HMDB0253587,7,2
HMDB0253595,4,4
HMDB0253633,0,0
HMDB0253635,3,9
HMDB0253636,7,2
HMDB0253637,7,2
HMDB0253646,4,4
HMDB0253681,0,0
HMDB0253684,3,9
HMDB0253714,0,0
HMDB0253718,4,4
HMDB0253720,10,13
HMDB0253721,13,5
HMDB0253723,13,5
HMDB0253725,0,0
HMDB0253737,4,4
HMDB0253739,1,11
HMDB0253740,0,0
HMDB0253750,13,5
HMDB0253774,10,13
HMDB0253775,10,13
HMDB0253779,10,13
HMDB0253783,13,0
HMDB0253787,13,5
HMDB0253806,0,0
HMDB0253820,13,5
HMDB0253827,13,5
HMDB0253839,4,4
HMDB0253841,10,13
HMDB0253850,10,13
HMDB0253854,0,0
HMDB0253858,10,13
HMDB0253860,13,5
HMDB0253864,1,11
HMDB0253968,10,13
HMDB0253975,13,5
HMDB0253978,4,4
HMDB0253988,0,0
HMDB0253995,0,0
HMDB0253996,10,13
HMDB0253997,3,9
HMDB0254009,4,4
HMDB0254020,10,13
HMDB0254050,10,13
HMDB0254052,1,11
HMDB0254057,13,5
HMDB0254071,13,5
HMDB0254076,10,13
HMDB0254083,0,0
HMDB0254084,4,4
HMDB0254085,10,13
HMDB0254095,13,5
HMDB0254096,0,0
HMDB0254099,13,5
HMDB0254108,13,5
HMDB0254134,0,0
HMDB0254136,13,5
HMDB0254157,10,13
HMDB0254158,10,13
HMDB0254171,13,5
HMDB0254173,13,5
HMDB0254174,10,13
HMDB0254182,0,0
HMDB0254194,13,5
HMDB0254199,4,4
HMDB0254209,10,13
HMDB0254219,13,5
HMDB0254229,10,13
HMDB0254234,13,5
HMDB0254237,0,0
HMDB0254244,0,0
HMDB0254248,13,5
HMDB0254250,0,0
HMDB0254254,0,0
HMDB0254256,0,13
HMDB0254275,10,13
HMDB0254279,7,2
HMDB0254329,13,5
HMDB0254339,0,0
HMDB0254344,13,5
HMDB0254346,10,13
HMDB0254349,10,13
HMDB0254359,13,5
HMDB0254372,13,5
HMDB0254377,13,5
HMDB0254403,10,13
HMDB0254407,13,5
HMDB0254408,10,13
HMDB0254413,0,0
HMDB0254414,10,13
HMDB0254429,1,11
HMDB0254448,1,11
HMDB0254486,0,0
HMDB0254492,13,5
HMDB0254502,10,13
HMDB0254503,0,0
HMDB0254506,1,11
HMDB0254511,13,5
HMDB0254547,0,0
HMDB0254642,1,11
HMDB0254643,10,13
HMDB0254655,10,13
HMDB0254660,13,5
HMDB0254671,10,13
HMDB0254676,10,13
HMDB0254690,0,0
HMDB0254692,13,5
HMDB0254695,10,13
HMDB0254731,13,5
HMDB0254748,0,0
HMDB0254759,10,13
HMDB0254768,13,5
HMDB0254773,13,5
HMDB0254780,13,5
HMDB0254781,13,5
HMDB0254794,13,5
HMDB0254796,13,5
HMDB0254797,13,5
HMDB0254802,13,5
HMDB0254804,13,5
HMDB0254808,10,13
HMDB0254811,0,0
HMDB0254816,0,0
HMDB0254818,13,5
HMDB0254820,13,5
HMDB0254822,13,5
HMDB0254836,10,13
HMDB0254840,13,5
HMDB0254841,13,5
HMDB0254847,1,11
HMDB0254852,1,11
HMDB0254877,10,13
HMDB0254879,1,11
HMDB0254887,0,0
HMDB0254894,11,12
HMDB0254899,13,5
HMDB0254901,0,0
HMDB0254907,10,13
HMDB0254915,3,9
HMDB0254931,13,5
HMDB0254976,10,13
HMDB0254982,3,12
HMDB0254997,13,5
HMDB0255002,13,5
HMDB0255005,0,0
HMDB0255009,4,4
HMDB0255015,10,13
HMDB0255017,4,4
HMDB0255019,3,9
HMDB0255028,10,13
HMDB0255030,0,0
HMDB0255031,4,4
HMDB0255052,4,4
HMDB0255056,7,2
HMDB0255076,1,11
HMDB0255077,1,11
HMDB0255086,1,11
HMDB0255088,4,4
HMDB0255089,12,1
HMDB0255110,0,0
HMDB0255114,13,5
HMDB0255115,13,5
HMDB0255117,13,5
HMDB0255118,0,0
HMDB0255119,13,5
HMDB0255133,4,4
HMDB0255150,4,4
HMDB0255151,1,11
HMDB0255152,1,11
HMDB0255154,3,9
HMDB0255156,0,0
HMDB0255157,10,13
HMDB0255160,1,11
HMDB0255172,1,11
HMDB0255195,10,13
HMDB0255204,2,7
HMDB0255223,11,12
HMDB0255225,3,2
HMDB0255231,3,9
HMDB0255275,6,8
HMDB0255280,4,4
HMDB0255283,10,13
HMDB0255301,13,5
HMDB0255418,10,13
HMDB0255420,10,13
HMDB0255422,4,4
HMDB0255423,4,4
HMDB0255425,0,0
HMDB0255426,1,11
HMDB0255427,0,0
HMDB0255441,0,0
HMDB0255442,0,0
HMDB0255444,9,7
HMDB0255446,3,12
HMDB0255449,7,2
HMDB0255452,1,11
HMDB0255454,11,12
HMDB0255456,0,0
HMDB0255463,0,0
HMDB0255471,0,0
HMDB0255484,13,5
HMDB0255492,13,5
HMDB0255496,4,4
HMDB0255500,4,4
HMDB0255501,0,0
HMDB0255509,13,5
HMDB0255518,0,0
HMDB0255536,10,13
HMDB0255551,0,0
HMDB0255576,4,4
HMDB0255590,10,13
HMDB0255592,13,5
HMDB0255594,4,4
HMDB0255607,0,0
HMDB0255621,0,0
HMDB0255623,13,5
HMDB0255633,1,11
HMDB0255639,0,0
HMDB0255640,4,4
HMDB0255647,0,0
HMDB0255648,0,0
HMDB0255657,0,0
HMDB0255666,4,4
HMDB0255675,0,0
HMDB0255678,10,13
HMDB0255702,1,11
HMDB0255714,10,13
HMDB0255722,4,4
HMDB0255723,3,9
HMDB0255751,4,4
HMDB0255766,10,13
HMDB0255769,13,5
HMDB0255770,10,13
HMDB0255772,0,0
HMDB0255773,4,4
HMDB0255775,1,2
HMDB0255777,13,5
HMDB0255785,4,4
HMDB0255797,10,13
HMDB0255799,4,4
HMDB0255806,7,2
HMDB0255824,13,5
HMDB0255826,4,4
HMDB0255832,0,0
HMDB0255835,0,0
HMDB0255848,0,0
HMDB0255851,4,4
HMDB0255874,1,11
HMDB0255877,4,4
HMDB0255878,1,11
HMDB0255880,13,5
HMDB0255884,0,0
HMDB0255921,13,5
HMDB0255942,10,13
HMDB0255957,13,5
HMDB0255963,13,5
HMDB0255967,13,5
HMDB0255980,10,13
HMDB0255981,10,0
HMDB0255985,10,13
HMDB0256019,0,0
HMDB0256020,10,13
HMDB0256027,13,5
HMDB0256037,10,13
HMDB0256042,10,13
HMDB0256069,0,0
HMDB0256072,4,4
HMDB0256084,13,5
HMDB0256093,13,5
HMDB0256094,13,5
HMDB0256127,10,13
HMDB0256143,13,5
HMDB0256144,13,5
HMDB0256152,13,5
HMDB0256171,13,5
HMDB0256175,1,11
HMDB0256186,13,5
HMDB0256187,0,0
HMDB0256189,13,5
HMDB0256208,4,4
HMDB0256212,4,4
HMDB0256229,10,13
HMDB0256233,0,0
HMDB0256234,0,0
HMDB0256235,13,5
HMDB0256237,10,13
HMDB0256242,13,5
HMDB0256259,12,1
HMDB0256261,7,2
HMDB0256292,10,13
HMDB0256347,0,0
HMDB0256357,13,5
HMDB0256358,13,5
HMDB0256360,13,5
HMDB0256363,13,5
HMDB0256368,10,13
HMDB0256386,10,13
HMDB0256390,5,10
HMDB0256391,12,1
HMDB0256392,11,12
HMDB0256401,0,0
HMDB0256416,1,11
HMDB0256429,3,9
HMDB0256447,7,2
HMDB0256450,0,0
HMDB0256503,4,4
HMDB0256507,0,0
HMDB0256521,0,0
HMDB0256527,0,0
HMDB0256532,13,5
HMDB0256535,0,0
HMDB0256542,13,5
HMDB0256551,0,0
HMDB0256560,3,9
HMDB0256570,10,13
HMDB0256592,13,5
HMDB0256601,0,0
HMDB0256602,0,0
HMDB0256603,13,5
HMDB0256604,0,0
HMDB0256606,4,4
HMDB0256608,0,0
HMDB0256609,10,13
HMDB0256615,10,13
HMDB0256617,0,0
HMDB0256624,10,13
HMDB0256626,13,5
HMDB0256631,10,13
HMDB0256646,7,2
HMDB0256655,13,5
HMDB0256656,13,5
HMDB0256694,10,13
HMDB0256706,1,11
HMDB0256723,13,5
HMDB0256734,13,5
HMDB0256770,7,2
HMDB0256774,0,0
HMDB0256779,0,0
HMDB0256806,1,11
HMDB0256834,13,5
HMDB0256900,0,0
HMDB0256905,0,0
HMDB0256914,10,13
HMDB0256925,0,0
HMDB0256926,13,5
HMDB0256928,1,11
HMDB0256929,1,11
HMDB0256930,13,0
HMDB0256944,13,5
HMDB0256983,10,13
HMDB0256991,0,0
HMDB0256992,12,1
HMDB0257005,7,2
HMDB0257007,3,9
HMDB0257008,4,4
HMDB0257012,4,4
HMDB0257026,13,5
HMDB0257029,10,13
HMDB0257032,1,11
HMDB0257041,13,0
HMDB0257042,3,9
HMDB0257044,10,13
HMDB0257045,7,2
HMDB0257046,3,9
HMDB0257055,4,4
HMDB0257062,0,0
HMDB0257085,13,5
HMDB0257086,13,5
HMDB0257096,13,5
HMDB0257097,13,5
HMDB0257099,10,13
HMDB0257105,0,0
HMDB0257114,13,5
HMDB0257115,10,4
HMDB0257127,0,0
HMDB0257130,4,4
HMDB0257133,13,5
HMDB0257136,13,5
HMDB0257137,13,5
HMDB0257152,1,11
HMDB0257153,13,5
HMDB0257154,0,0
HMDB0257155,0,0
HMDB0257156,10,13
HMDB0257167,10,13
HMDB0257171,10,13
HMDB0257186,0,0
HMDB0257192,13,5
HMDB0257195,4,4
HMDB0257229,13,5
HMDB0257231,13,5
HMDB0257233,1,11
HMDB0257236,13,5
HMDB0257239,4,4
HMDB0257241,13,5
HMDB0257242,0,0
HMDB0257245,13,5
HMDB0257249,13,5
HMDB0257250,13,5
HMDB0257255,0,0
HMDB0257258,10,13
HMDB0257259,13,5
HMDB0257261,0,0
HMDB0257265,10,13
HMDB0257266,13,5
HMDB0257267,13,5
HMDB0257269,1,11
HMDB0257279,1,11
HMDB0257283,10,13
HMDB0257284,10,13
HMDB0257288,0,0
HMDB0257300,13,5
HMDB0257303,4,4
HMDB0257310,4,4
HMDB0257319,0,0
HMDB0257324,13,5
HMDB0257354,1,11
HMDB0257357,13,5
HMDB0257362,1,11
HMDB0257369,13,5
HMDB0257372,0,0
HMDB0257434,0,0
HMDB0257439,13,5
HMDB0257441,10,13
HMDB0257458,0,0
HMDB0257461,1,11
HMDB0257463,4,4
HMDB0257475,13,5
HMDB0257498,0,0
HMDB0257502,13,5
HMDB0257512,0,0
HMDB0257513,0,0
HMDB0257517,13,5
HMDB0257521,13,5
HMDB0257524,1,11
HMDB0257545,0,0
HMDB0257548,0,0
HMDB0257551,13,5
HMDB0257556,10,13
HMDB0257652,13,5
HMDB0257679,13,5
HMDB0257687,10,13
HMDB0257698,3,9
HMDB0257735,10,13
HMDB0257813,13,5
HMDB0257866,13,5
HMDB0257912,10,13
HMDB0257916,1,11
HMDB0257933,13,5
HMDB0257940,13,5
HMDB0257955,3,9
HMDB0257957,0,0
HMDB0257995,13,5
HMDB0258036,0,0
HMDB0258058,0,0
HMDB0258066,0,0
HMDB0258098,13,5
HMDB0258100,13,5
HMDB0258102,13,5
HMDB0258104,10,13
HMDB0258152,10,13
HMDB0258182,10,13
HMDB0258189,0,0
HMDB0258196,0,0
HMDB0258217,0,0
HMDB0258218,13,5
HMDB0258246,0,0
HMDB0258247,13,5
HMDB0258261,13,5
HMDB0258263,13,0
HMDB0258269,0,0
HMDB0258285,13,5
HMDB0258291,13,5
HMDB0258304,4,4
HMDB0258320,0,0
HMDB0258323,13,5
HMDB0258324,1,11
HMDB0258326,13,5
HMDB0258327,1,11
HMDB0258329,0,0
HMDB0258338,10,13
HMDB0258346,4,4
HMDB0258353,13,5
HMDB0258408,10,13
HMDB0258423,0,0
HMDB0258424,13,5
HMDB0258430,0,0
HMDB0258435,7,2
HMDB0258470,4,11
HMDB0258473,4,4
HMDB0258490,13,5
HMDB0258501,2,6
HMDB0258526,0,0
HMDB0258528,0,0
HMDB0258533,13,5
HMDB0258572,1,11
HMDB0258574,1,11
HMDB0258575,4,4
HMDB0258576,4,4
HMDB0258583,4,11
HMDB0258585,0,0
HMDB0258586,4,4
HMDB0258595,0,0
HMDB0258614,4,4
HMDB0258616,10,13
HMDB0258617,10,13
HMDB0258624,4,4
HMDB0258628,1,11
HMDB0258636,13,5
HMDB0258648,0,0
HMDB0258663,10,13
HMDB0258664,10,13
HMDB0258678,13,5
HMDB0258679,0,0
HMDB0258683,0,0
HMDB0258686,13,5
HMDB0258702,13,5
HMDB0258708,10,13
HMDB0258718,13,5
HMDB0258722,13,5
HMDB0258726,13,5
HMDB0258733,4,4
HMDB0258734,0,0
HMDB0258751,0,0
HMDB0258783,13,5
HMDB0258797,13,5
HMDB0258816,10,13
HMDB0258832,1,11
HMDB0258849,0,0
HMDB0258852,1,11
HMDB0258864,13,0
HMDB0258906,7,2
HMDB0258915,4,4
HMDB0258916,0,0
HMDB0258944,10,13
HMDB0258955,0,0
HMDB0258959,1,11
HMDB0258964,13,5
HMDB0258971,10,13
HMDB0259011,0,0
HMDB0259037,11,12
HMDB0259038,6,8
HMDB0259049,0,0
HMDB0259074,0,0
HMDB0259078,4,4
HMDB0259080,13,5
HMDB0259081,13,0
HMDB0259093,10,13
HMDB0259099,0,0
HMDB0259106,13,5
HMDB0259110,4,4
HMDB0259139,4,4
HMDB0259210,0,0
HMDB0259212,1,11
HMDB0259213,13,5
HMDB0259233,3,9
HMDB0259316,0,0
HMDB0259320,4,4
HMDB0259322,4,4
HMDB0259330,0,0
HMDB0259345,13,5
HMDB0259360,0,0
HMDB0259400,13,5
HMDB0259408,0,13
HMDB0259426,0,0
HMDB0259455,0,0
HMDB0259494,13,5
HMDB0259496,0,0
HMDB0259505,13,5
HMDB0259507,13,5
HMDB0259557,4,4
HMDB0259567,13,5
HMDB0259582,0,0
HMDB0259604,4,4
HMDB0259610,4,4
HMDB0259625,13,5
HMDB0259626,13,5
HMDB0259628,13,0
HMDB0259635,10,13
HMDB0259648,13,5
HMDB0259653,1,11
HMDB0259675,3,9
HMDB0259690,10,13
HMDB0259754,7,2
HMDB0259768,0,0
HMDB0259770,1,11
HMDB0259775,0,0
HMDB0259779,13,5
HMDB0259788,0,0
HMDB0259801,13,5
HMDB0259831,13,5
HMDB0259832,0,0
HMDB0259835,0,0
HMDB0259838,13,5
HMDB0259839,13,5
HMDB0259843,10,13
HMDB0259876,10,13
HMDB0259878,0,0
HMDB0259891,10,13
HMDB0259897,13,5
HMDB0259900,0,0
HMDB0259908,4,4
HMDB0259916,4,4
HMDB0259922,11,12
HMDB0259924,4,4
HMDB0259932,4,4
HMDB0259933,10,13
HMDB0259935,0,0
HMDB0259942,0,0
HMDB0259948,10,13
HMDB0259961,0,0
HMDB0259970,7,2
HMDB0259973,0,0
HMDB0259982,13,5
HMDB0259983,10,13
HMDB0259987,10,13
HMDB0259989,4,4
HMDB0259990,13,5
HMDB0259991,0,0
HMDB0260003,13,5
HMDB0260006,4,4
HMDB0260016,10,13
HMDB0260027,0,0
HMDB0260028,0,0
HMDB0260029,10,13
HMDB0260034,0,0
HMDB0260037,13,0
HMDB0260039,0,0
HMDB0260041,4,4
HMDB0260044,13,5
HMDB0260074,13,5
HMDB0260077,13,5
HMDB0260141,0,0
HMDB0260142,0,0
HMDB0260146,13,5
HMDB0260212,13,5
HMDB0260225,13,5
HMDB0260294,1,11
HMDB0260308,13,5
HMDB0260314,0,0
HMDB0260330,13,5
HMDB0260335,13,5
HMDB0260336,13,5
HMDB0260362,13,5
HMDB0260402,13,5
HMDB0260408,13,5
HMDB0296894,13,5
HMDB0296910,13,5
HMDB0296978,13,5
HMDB0296989,13,5
HMDB0297010,13,5
HMDB0297014,13,5
HMDB0301705,13,5
HMDB0301706,13,5
HMDB0301709,0,0
HMDB0301710,10,13
HMDB0301728,0,0
HMDB0301736,0,0
HMDB0301737,0,0
HMDB0301743,0,0
HMDB0301746,1,11
HMDB0301749,13,5
HMDB0301750,0,0
HMDB0301762,4,4
HMDB0301764,4,4
HMDB0301769,10,13
HMDB0301783,0,0
HMDB0301784,0,0
HMDB0301785,0,0
HMDB0301806,7,2
HMDB0301808,0,0
HMDB0301810,10,13
HMDB0301814,4,4
HMDB0301843,13,5
HMDB0301844,10,13
HMDB0301845,10,13
HMDB0301848,4,4
HMDB0301850,4,4
HMDB0301851,1,11
HMDB0301866,0,0
HMDB0301878,13,5
HMDB0301907,10,13
HMDB0301908,0,0
HMDB0301909,0,0
HMDB0301911,0,0
HMDB0301940,10,4
HMDB0301942,0,0
HMDB0301952,0,0
HMDB0301953,13,5
HMDB0301988,0,0
HMDB0302012,0,0
HMDB0302014,4,4
HMDB0302020,10,13
HMDB0302021,10,13
HMDB0302022,13,5
HMDB0302035,0,0
HMDB0302042,0,0
HMDB0302044,4,4
HMDB0302079,10,13
HMDB0302081,0,0
HMDB0302089,10,13
HMDB0302093,10,13
HMDB0302123,7,2
HMDB0302135,0,0
HMDB0302137,1,11
HMDB0302139,10,13
HMDB0302142,10,13
HMDB0302144,0,0
HMDB0302150,4,4
HMDB0302181,7,2
HMDB0302189,13,5
HMDB0302202,0,0
HMDB0302242,7,2
HMDB0302245,4,4
HMDB0302258,1,2
HMDB0302260,3,9
HMDB0302263,7,2
HMDB0302268,4,4
HMDB0302271,7,2
HMDB0302275,1,2
HMDB0302338,7,2
HMDB0302344,10,13
HMDB0302379,0,0
HMDB0302385,11,1
HMDB0302388,3,9
HMDB0302401,6,8
HMDB0302402,3,9
HMDB0302406,13,5
HMDB0302470,0,0
HMDB0302513,7,2
HMDB0302525,1,11
HMDB0302527,7,9
HMDB0302531,10,13
HMDB0302533,10,13
HMDB0302539,0,0
HMDB0302544,4,4
HMDB0302545,12,1
HMDB0302550,10,13
HMDB0302551,3,9
HMDB0302557,13,5
HMDB0302564,4,4
HMDB0302602,7,2
HMDB0302608,7,2
HMDB0302642,13,5
HMDB0302684,0,0
HMDB0302696,13,5
HMDB0302712,10,13
HMDB0302720,7,2
HMDB0302723,1,11
HMDB0302734,13,5
HMDB0302735,7,2
HMDB0302757,7,9
HMDB0302763,1,11
HMDB0302764,3,9
HMDB0302789,3,9
HMDB0302838,1,11
HMDB0302839,1,11
HMDB0302843,10,13
HMDB0302864,0,0
HMDB0302870,10,13
HMDB0302966,4,4
HMDB0302972,0,0
HMDB0302979,1,11
HMDB0302987,0,0
HMDB0303014,4,11
HMDB0303024,0,0
HMDB0303030,7,9
HMDB0303032,0,0
HMDB0303034,1,11
HMDB0303039,4,4
HMDB0303072,13,5
HMDB0303074,1,11
HMDB0303085,13,5
HMDB0303086,10,13
