;0;1;2;3;4;5;6;7;8;9;10;11;12;13;14;15;16;17;18;19;20;21;22;23;24;25;26;27;28;29;30;31;32;33;34;35;36;37;38;39;40;41;42;43;44;45;46;47;48;49;50;51;52;53;54;55;56;57;58;59;60;61;62;63;64;65;66;67;68;69;70;71;72;73;74;75;76;77;78;79;80;81;82;83;84;85;86;87;88;89
0;HMDB0257062;HMDB0029303;HMDB0010334;HMDB0003066;HMDB0060006;HMDB0061046;HMDB0006217;HMDB0006203;HMDB0006101;HMDB0060001;HMDB0245424;HMDB0038930;HMDB0038918;HMDB0038146;HMDB0037255;HMDB0037060;HMDB0039100;HMDB0033537;HMDB0036154;HMDB0039617;HMDB0040308;HMDB0061139;HMDB0259106;HMDB0258664;HMDB0252390;HMDB0247773;HMDB0252743;HMDB0034042;HMDB0249062;HMDB0029521;HMDB0252173;HMDB0244562;HMDB0247807;HMDB0030670;HMDB0041008;HMDB0030731;HMDB0040981;HMDB0034319;HMDB0033610;HMDB0030852;HMDB0260029;HMDB0029539;HMDB0037245;HMDB0029386;HMDB0039455;HMDB0032559;HMDB0251469;HMDB0032041;HMDB0253470;HMDB0252151;HMDB0243898;HMDB0243929;HMDB0248785;HMDB0255884;HMDB0246573;HMDB0256187;HMDB0060629;HMDB0013854;HMDB0014438;HMDB0015023;HMDB0060984;HMDB0032217;HMDB0259775;HMDB0248447;HMDB0251650;HMDB0247783;HMDB0251166;HMDB0248072;HMDB0251586;HMDB0003572;HMDB0060030;HMDB0250269;HMDB0253595;HMDB0030234;HMDB0248289;HMDB0254840;HMDB0034512;HMDB0029291;HMDB0033340;HMDB0030228;HMDB0250851;HMDB0252162;HMDB0254084;HMDB0257362;HMDB0014256;HMDB0248367;HMDB0249005;HMDB0249008;HMDB0245254;HMDB0254234
1;;HMDB0260314;HMDB0033037;HMDB0039059;HMDB0251459;HMDB0030398;HMDB0032156;HMDB0247444;HMDB0260225;HMDB0036281;HMDB0038921;HMDB0036618;HMDB0301907;HMDB0247730;HMDB0301706;HMDB0037784;HMDB0036589;HMDB0301908;HMDB0039632;HMDB0031428;HMDB0035446;HMDB0041441;HMDB0035529;HMDB0035993;HMDB0035197;HMDB0030087;HMDB0034214;HMDB0249595;HMDB0255957;HMDB0014616;HMDB0015220;HMDB0037272;HMDB0029495;HMDB0246287;HMDB0030669;HMDB0037316;HMDB0040866;HMDB0030699;HMDB0030396;HMDB0032561;HMDB0062470;HMDB0037247;HMDB0003235;HMDB0245031;HMDB0037249;HMDB0035467;HMDB0032049;HMDB0248896;HMDB0256905;HMDB0032394;HMDB0243934;HMDB0253051;HMDB0255077;HMDB0243820;HMDB0257012;HMDB0244705;HMDB0060554;HMDB0013862;HMDB0060905;HMDB0060538;HMDB0251422;HMDB0248462;HMDB0250344;HMDB0257026;HMDB0060918;HMDB0243678;HMDB0032582;HMDB0040813;HMDB0033712;HMDB0257512;HMDB0252826;HMDB0038630;HMDB0030270;HMDB0033339;HMDB0030312;HMDB0260408;HMDB0296910;HMDB0033333;HMDB0013886;HMDB0013888;HMDB0245942;HMDB0250884;HMDB0251585;HMDB0013872;HMDB0060838;HMDB0253858;HMDB0253839;HMDB0244215;;
2;;HMDB0030249;HMDB0000929;HMDB0040354;HMDB0035027;HMDB0029826;HMDB0014971;HMDB0037774;HMDB0033688;HMDB0260212;HMDB0038932;HMDB0247077;HMDB0035587;HMDB0032583;HMDB0032649;HMDB0038051;HMDB0035865;HMDB0040796;HMDB0034193;HMDB0039661;HMDB0031969;HMDB0038114;HMDB0039634;HMDB0035914;HMDB0247574;HMDB0060122;HMDB0244335;HMDB0251263;HMDB0253335;HMDB0244730;HMDB0037112;HMDB0248645;HMDB0240464;HMDB0031753;HMDB0038742;HMDB0247097;HMDB0033915;HMDB0030545;HMDB0061105;HMDB0039873;HMDB0031612;HMDB0249389;HMDB0029524;HMDB0059854;HMDB0037139;HMDB0037130;HMDB0002780;HMDB0250868;HMDB0032018;HMDB0030601;HMDB0035970;HMDB0251091;HMDB0254099;HMDB0014443;HMDB0244337;HMDB0060675;HMDB0250261;HMDB0250491;HMDB0060610;HMDB0254134;HMDB0248789;HMDB0015350;HMDB0253524;HMDB0256992;HMDB0244234;HMDB0248593;HMDB0037528;HMDB0030606;HMDB0033457;HMDB0032058;HMDB0249719;HMDB0030283;HMDB0033343;HMDB0260294;HMDB0259990;HMDB0259991;HMDB0030147;HMDB0060839;HMDB0014028;HMDB0245967;HMDB0014803;HMDB0254108;;;HMDB0015049;;;;;
3;;HMDB0031553;HMDB0035068;HMDB0010322;HMDB0038618;HMDB0250946;HMDB0127731;HMDB0040545;HMDB0013950;HMDB0259989;HMDB0035736;HMDB0250469;HMDB0035896;HMDB0036470;HMDB0035712;HMDB0035095;HMDB0036444;HMDB0301952;HMDB0036768;HMDB0301728;HMDB0034836;HMDB0037623;HMDB0301850;HMDB0036628;HMDB0060127;HMDB0030728;HMDB0041543;HMDB0248241;HMDB0029830;HMDB0033028;HMDB0242146;HMDB0030789;HMDB0030948;HMDB0249183;HMDB0037104;HMDB0039959;HMDB0250346;HMDB0033487;HMDB0038990;HMDB0034056;HMDB0035062;HMDB0030202;HMDB0039159;HMDB0038339;HMDB0037279;HMDB0037174;HMDB0035364;HMDB0033036;HMDB0253511;HMDB0253635;HMDB0032389;HMDB0249859;HMDB0250923;HMDB0060903;HMDB0060676;HMDB0060353;HMDB0060930;HMDB0015260;HMDB0060778;HMDB0246984;HMDB0251663;HMDB0256186;HMDB0246943;HMDB0060389;HMDB0060970;HMDB0250823;HMDB0243960;HMDB0257154;HMDB0033317;HMDB0249724;HMDB0015200;HMDB0254486;HMDB0033033;HMDB0301705;HMDB0247255;HMDB0034213;HMDB0060775;HMDB0001244;HMDB0255231;HMDB0060932;HMDB0014462;HMDB0245832;;;;;;;;
4;;;HMDB0031661;HMDB0040412;HMDB0006344;HMDB0127983;HMDB0041817;HMDB0260308;HMDB0030949;HMDB0038187;HMDB0037695;HMDB0302014;HMDB0258338;HMDB0258576;HMDB0041385;HMDB0036305;HMDB0035254;HMDB0037097;HMDB0036938;HMDB0301911;HMDB0297014;HMDB0038047;HMDB0037985;HMDB0251058;HMDB0038479;HMDB0040565;HMDB0035291;HMDB0041518;HMDB0040786;HMDB0248632;HMDB0030816;HMDB0037319;HMDB0002708;HMDB0032725;HMDB0039917;HMDB0039380;HMDB0039656;HMDB0038999;HMDB0249930;HMDB0038448;HMDB0032322;HMDB0039914;HMDB0035412;HMDB0029218;HMDB0034117;HMDB0249076;HMDB0037165;HMDB0040935;HMDB0250549;HMDB0032962;HMDB0032963;HMDB0258329;HMDB0253052;HMDB0253055;HMDB0015075;HMDB0060512;HMDB0013995;HMDB0254877;HMDB0255592;HMDB0254448;HMDB0253718;HMDB0041723;HMDB0256914;HMDB0249910;HMDB0240716;HMDB0013243;HMDB0256834;HMDB0259933;HMDB0251444;HMDB0030242;HMDB0033925;HMDB0036192;HMDB0031724;HMDB0003882;HMDB0253086;HMDB0060776;HMDB0041731;HMDB0250218;HMDB0251415;;HMDB0030187;HMDB0015288;;;;;;;;
5;;;HMDB0038200;HMDB0038188;HMDB0010321;HMDB0061000;HMDB0014600;HMDB0032382;HMDB0038203;HMDB0039167;HMDB0035698;HMDB0302042;HMDB0248459;HMDB0253268;HMDB0254182;HMDB0030770;HMDB0039601;HMDB0037922;HMDB0029541;HMDB0035879;HMDB0037920;HMDB0034607;HMDB0253291;HMDB0037041;HMDB0034004;HMDB0038330;HMDB0030861;HMDB0041660;HMDB0301710;HMDB0029981;HMDB0252733;HMDB0032990;HMDB0032143;HMDB0039147;HMDB0248694;HMDB0037252;HMDB0032587;HMDB0030766;HMDB0036450;HMDB0038647;HMDB0242340;HMDB0036381;HMDB0035427;HMDB0253774;HMDB0254547;HMDB0033270;HMDB0251778;HMDB0061814;HMDB0060846;HMDB0031912;HMDB0259139;HMDB0247285;HMDB0251110;HMDB0060590;HMDB0247903;HMDB0014662;HMDB0060701;HMDB0060607;HMDB0060542;HMDB0254413;HMDB0248325;HMDB0249436;HMDB0247269;HMDB0257354;HMDB0060802;HMDB0034757;HMDB0013713;HMDB0033318;HMDB0247227;HMDB0033315;HMDB0249387;HMDB0036163;HMDB0255225;HMDB0257502;HMDB0247116;HMDB0255283;HMDB0242015;HMDB0253205;HMDB0256617;;;HMDB0030191;;;;;;;;
6;;;HMDB0259970;HMDB0257137;HMDB0257133;HMDB0250821;HMDB0060531;HMDB0253237;HMDB0062274;HMDB0037477;HMDB0302093;HMDB0036595;HMDB0258832;HMDB0000343;HMDB0257245;HMDB0031833;HMDB0037342;HMDB0038113;HMDB0036207;HMDB0035957;HMDB0037679;HMDB0037232;HMDB0059759;HMDB0259983;HMDB0005801;HMDB0038472;HMDB0034270;HMDB0005041;HMDB0030691;HMDB0260336;HMDB0041090;HMDB0030804;HMDB0240369;HMDB0012220;HMDB0033304;HMDB0033017;HMDB0035405;HMDB0036026;HMDB0038646;HMDB0059782;HMDB0036369;HMDB0040700;HMDB0034690;HMDB0030651;HMDB0029711;HMDB0029681;HMDB0014826;HMDB0030848;HMDB0032981;HMDB0040129;HMDB0257524;HMDB0246619;HMDB0243925;HMDB0254852;HMDB0060583;HMDB0252125;HMDB0247313;HMDB0060923;HMDB0250959;HMDB0256127;HMDB0257042;HMDB0060803;HMDB0060631;HMDB0060898;HMDB0251119;HMDB0258849;HMDB0253740;HMDB0301769;HMDB0253978;HMDB0255648;HMDB0038626;HMDB0253231;HMDB0247745;HMDB0255052;HMDB0254768;HMDB0243936;HMDB0014977;HMDB0253236;;;;;;;;;;;;
7;;;HMDB0036677;HMDB0059897;HMDB0013039;HMDB0240465;HMDB0033525;HMDB0001054;HMDB0125161;HMDB0257357;HMDB0034618;HMDB0242298;HMDB0249307;HMDB0012488;HMDB0030946;HMDB0036605;HMDB0031824;HMDB0036347;HMDB0061110;HMDB0036359;HMDB0030619;HMDB0035129;HMDB0039521;HMDB0032665;HMDB0041460;HMDB0030735;HMDB0034039;HMDB0040692;HMDB0030854;HMDB0250457;HMDB0040383;HMDB0039960;HMDB0030573;HMDB0240371;HMDB0040355;HMDB0035015;HMDB0038756;HMDB0038139;HMDB0029119;HMDB0029134;HMDB0037723;HMDB0255110;HMDB0246626;HMDB0030792;HMDB0030746;HMDB0033103;HMDB0035214;HMDB0030711;HMDB0030947;HMDB0034002;HMDB0031925;HMDB0249880;HMDB0031744;HMDB0032025;HMDB0252118;HMDB0251141;HMDB0248873;HMDB0014325;HMDB0014869;HMDB0245796;HMDB0250362;HMDB0254052;HMDB0249713;HMDB0248773;HMDB0251990;HMDB0040809;HMDB0256926;HMDB0254275;HMDB0247612;HMDB0247271;HMDB0245380;HMDB0258196;HMDB0252405;HMDB0252319;HMDB0250967;HMDB0246769;HMDB0060653;HMDB0015026;;;;;;;;;;;;
8;;;HMDB0035779;HMDB0034720;HMDB0060316;HMDB0060848;HMDB0062292;HMDB0130523;HMDB0240216;HMDB0033521;HMDB0250069;HMDB0252656;HMDB0000406;HMDB0251609;HMDB0255441;HMDB0041297;HMDB0035035;HMDB0037489;HMDB0036463;HMDB0036881;HMDB0036929;HMDB0036425;HMDB0033878;HMDB0004484;HMDB0041519;HMDB0041488;HMDB0015412;HMDB0030853;HMDB0250043;HMDB0244083;HMDB0250060;HMDB0037250;HMDB0030787;HMDB0041214;HMDB0260402;HMDB0039069;HMDB0033649;HMDB0246196;HMDB0059980;HMDB0240220;HMDB0038397;HMDB0038788;HMDB0038787;HMDB0035213;HMDB0031378;HMDB0030404;HMDB0248358;HMDB0037739;HMDB0245654;HMDB0029535;HMDB0033651;HMDB0250858;HMDB0248778;HMDB0247899;HMDB0247234;HMDB0245035;HMDB0060594;HMDB0252187;HMDB0256602;HMDB0252238;HMDB0254773;HMDB0258263;HMDB0250352;HMDB0060800;HMDB0032845;HMDB0039045;HMDB0255420;HMDB0248460;HMDB0248689;HMDB0253461;HMDB0254248;HMDB0256037;HMDB0060924;HMDB0257005;HMDB0014895;HMDB0251844;HMDB0257319;HMDB0249355;;;;;;;;;;;;
9;;;HMDB0038334;HMDB0040762;HMDB0059987;HMDB0240440;HMDB0014693;HMDB0252236;HMDB0240564;HMDB0062189;HMDB0251439;HMDB0258944;HMDB0031901;HMDB0251617;HMDB0039385;HMDB0255806;HMDB0040889;HMDB0039564;HMDB0037485;HMDB0037696;HMDB0038422;HMDB0031673;HMDB0041657;HMDB0034138;HMDB0041651;HMDB0035438;HMDB0035076;HMDB0032641;HMDB0255156;HMDB0033996;HMDB0030826;HMDB0039633;HMDB0240433;HMDB0030646;HMDB0030796;HMDB0034272;HMDB0040164;HMDB0041655;HMDB0059799;HMDB0039063;HMDB0059772;HMDB0038396;HMDB0038322;HMDB0034838;HMDB0037667;HMDB0301784;HMDB0040134;HMDB0037738;HMDB0040012;HMDB0034109;HMDB0030523;HMDB0255657;HMDB0041913;HMDB0258473;HMDB0245972;HMDB0242445;HMDB0060600;HMDB0060911;HMDB0247995;HMDB0015322;HMDB0256900;HMDB0250075;HMDB0015252;HMDB0259233;HMDB0033876;HMDB0254841;HMDB0249337;HMDB0247882;HMDB0251455;HMDB0256991;HMDB0250376;HMDB0255423;HMDB0015280;HMDB0015602;HMDB0060670;HMDB0014920;HMDB0244116;HMDB0256527;;;;;;;;;;;;
10;;;;HMDB0039120;HMDB0240498;HMDB0301764;HMDB0060988;HMDB0060632;HMDB0255766;HMDB0006005;HMDB0010365;HMDB0062479;HMDB0060702;HMDB0240721;HMDB0255454;HMDB0244008;HMDB0012322;HMDB0039578;HMDB0037954;HMDB0034051;HMDB0035965;HMDB0035828;HMDB0037851;HMDB0038956;HMDB0035403;HMDB0038648;HMDB0037557;HMDB0041920;HMDB0014638;HMDB0033590;HMDB0030694;HMDB0030577;HMDB0037521;HMDB0240232;HMDB0032956;HMDB0034277;HMDB0033330;HMDB0029356;HMDB0040513;HMDB0240566;HMDB0059798;HMDB0038398;HMDB0034119;HMDB0038786;HMDB0260034;HMDB0060319;HMDB0030813;HMDB0029490;HMDB0030080;HMDB0033526;HMDB0034111;HMDB0033779;HMDB0254492;HMDB0245619;HMDB0032116;HMDB0242458;HMDB0252318;HMDB0244480;HMDB0248259;HMDB0254349;HMDB0252112;HMDB0258100;HMDB0255471;HMDB0034016;HMDB0301848;HMDB0254879;HMDB0060816;HMDB0249294;HMDB0251447;HMDB0252901;HMDB0256655;HMDB0249709;HMDB0256606;HMDB0246699;HMDB0256429;HMDB0255501;HMDB0060943;HMDB0062679;;;;;;;;;;;;
11;;;;HMDB0038641;HMDB0038399;HMDB0252084;HMDB0250005;HMDB0038217;HMDB0061005;HMDB0127769;HMDB0041469;HMDB0010314;HMDB0041688;HMDB0031898;HMDB0255824;HMDB0253860;HMDB0037320;HMDB0037389;HMDB0041298;HMDB0034179;HMDB0035612;HMDB0034050;HMDB0041700;HMDB0029457;HMDB0034139;HMDB0037832;HMDB0037563;HMDB0255223;HMDB0248750;HMDB0030110;HMDB0030791;HMDB0302044;HMDB0033305;HMDB0030572;HMDB0041064;HMDB0030020;HMDB0030720;HMDB0030767;HMDB0033820;HMDB0038748;HMDB0059803;HMDB0039046;HMDB0030595;HMDB0038785;HMDB0038793;HMDB0032577;HMDB0256521;HMDB0029834;HMDB0002294;HMDB0013636;HMDB0013609;HMDB0029156;HMDB0000722;HMDB0041714;HMDB0059976;HMDB0258152;HMDB0249079;HMDB0247602;HMDB0246526;HMDB0256532;HMDB0246859;HMDB0060642;HMDB0245598;HMDB0248955;HMDB0252209;HMDB0015485;HMDB0252310;HMDB0014724;HMDB0248527;HMDB0247660;HMDB0060809;HMDB0253725;HMDB0252995;;HMDB0060947;HMDB0258679;HMDB0255633;;;;;;;;;;;;;
12;;;;HMDB0036720;HMDB0034911;HMDB0255002;HMDB0041142;HMDB0124994;HMDB0040311;HMDB0062275;HMDB0240285;HMDB0038548;HMDB0240474;HMDB0041807;HMDB0000058;HMDB0033109;HMDB0033999;HMDB0035616;HMDB0039142;HMDB0302035;HMDB0301709;HMDB0031420;HMDB0039034;HMDB0251918;HMDB0260044;HMDB0259316;HMDB0032039;HMDB0254136;HMDB0255967;HMDB0039334;HMDB0038950;HMDB0033757;HMDB0029138;HMDB0032961;HMDB0040284;HMDB0259973;HMDB0041317;HMDB0030768;HMDB0034280;HMDB0038574;HMDB0059985;HMDB0038512;HMDB0249974;HMDB0030584;HMDB0041122;HMDB0033271;HMDB0060303;HMDB0040303;HMDB0259081;HMDB0034010;HMDB0030549;HMDB0245651;HMDB0249207;HMDB0252200;HMDB0244572;HMDB0244093;HMDB0249426;HMDB0257279;HMDB0015538;HMDB0251545;HMDB0250876;HMDB0060890;HMDB0094673;HMDB0258326;HMDB0240238;HMDB0249593;HMDB0248468;HMDB0248691;HMDB0015245;HMDB0060766;HMDB0245559;HMDB0060977;HMDB0249379;;HMDB0014615;;HMDB0015019;;;;;;;;;;;;;
13;;;;HMDB0041045;HMDB0259942;HMDB0039503;HMDB0029525;HMDB0041691;HMDB0060873;HMDB0059802;HMDB0041650;HMDB0252542;HMDB0246804;HMDB0041689;HMDB0030227;HMDB0032989;HMDB0253346;HMDB0035859;HMDB0037508;HMDB0033972;HMDB0035009;HMDB0041265;HMDB0034021;HMDB0034960;HMDB0033199;HMDB0031902;HMDB0061061;HMDB0249397;HMDB0015521;HMDB0248819;HMDB0038955;HMDB0005760;HMDB0033581;HMDB0030667;HMDB0030579;HMDB0032227;HMDB0059765;HMDB0246323;HMDB0037040;HMDB0252423;HMDB0033543;HMDB0030155;HMDB0038511;HMDB0034125;HMDB0030585;HMDB0029866;HMDB0040556;HMDB0244463;HMDB0039756;HMDB0249752;HMDB0041697;HMDB0030622;HMDB0244646;HMDB0060380;HMDB0248173;HMDB0255985;HMDB0251589;HMDB0247959;HMDB0256094;HMDB0014029;HMDB0246282;HMDB0060920;HMDB0249061;HMDB0249967;HMDB0035404;HMDB0249842;HMDB0015269;HMDB0257324;HMDB0060771;HMDB0060772;HMDB0248771;HMDB0259345;HMDB0253209;;HMDB0245782;;HMDB0257300;;;;;;;;;;;;;
14;;;;HMDB0039105;HMDB0038645;HMDB0249033;HMDB0035739;HMDB0255160;HMDB0248759;HMDB0041656;HMDB0059801;HMDB0010338;HMDB0041658;HMDB0042005;HMDB0039732;HMDB0034344;HMDB0302012;HMDB0029504;HMDB0033251;HMDB0032610;HMDB0033690;HMDB0029837;HMDB0032909;HMDB0033515;HMDB0030108;HMDB0029462;HMDB0037042;HMDB0258624;HMDB0248515;HMDB0257458;HMDB0246375;HMDB0030838;HMDB0030578;HMDB0039068;HMDB0301783;HMDB0038755;HMDB0059800;HMDB0000715;HMDB0030348;HMDB0030742;HMDB0033122;HMDB0242503;HMDB0038904;HMDB0030883;HMDB0031941;HMDB0033307;HMDB0255280;HMDB0002899;HMDB0029868;HMDB0033469;HMDB0033324;HMDB0033797;HMDB0245457;HMDB0251081;HMDB0244616;HMDB0060630;HMDB0249612;HMDB0015631;HMDB0254802;HMDB0242401;HMDB0250899;HMDB0041790;HMDB0244683;HMDB0253637;HMDB0248486;HMDB0254346;HMDB0255115;HMDB0246489;HMDB0015557;HMDB0253806;HMDB0014559;HMDB0252536;HMDB0252108;;;;HMDB0242266;;;;;;;;;;;;;
15;;;;HMDB0038333;HMDB0032564;HMDB0034435;HMDB0034412;HMDB0251808;HMDB0252232;HMDB0240221;HMDB0041167;HMDB0240471;HMDB0030543;HMDB0062408;HMDB0010363;HMDB0030605;HMDB0030654;HMDB0301878;HMDB0031423;HMDB0034312;HMDB0245735;HMDB0040683;HMDB0030643;HMDB0032890;HMDB0038944;HMDB0039020;HMDB0014604;HMDB0248969;HMDB0031764;HMDB0015636;HMDB0247366;HMDB0033801;HMDB0259049;HMDB0030555;HMDB0030715;HMDB0040286;HMDB0029355;HMDB0037445;HMDB0244308;HMDB0060917;HMDB0041386;HMDB0015679;HMDB0039637;HMDB0041564;HMDB0033994;HMDB0260039;HMDB0030847;HMDB0033940;HMDB0029296;HMDB0032954;HMDB0039612;HMDB0247325;HMDB0000671;HMDB0259213;HMDB0240525;HMDB0059943;HMDB0245869;HMDB0248346;HMDB0302022;HMDB0014970;HMDB0302089;HMDB0243694;HMDB0029489;HMDB0250874;HMDB0250829;HMDB0252229;HMDB0062691;HMDB0248744;HMDB0240727;HMDB0014361;HMDB0060941;HMDB0248974;HMDB0015361;;;;HMDB0254502;;;;;;;;;;;;;
16;;;;HMDB0038332;HMDB0034620;HMDB0039125;HMDB0038706;HMDB0060388;HMDB0255031;HMDB0260074;HMDB0129424;HMDB0254818;HMDB0035499;HMDB0041699;HMDB0255621;HMDB0038901;HMDB0258291;HMDB0040358;HMDB0040936;HMDB0240377;HMDB0033711;HMDB0039022;HMDB0039146;HMDB0039038;HMDB0029460;HMDB0038547;HMDB0039066;HMDB0037801;HMDB0252216;HMDB0248347;HMDB0031767;HMDB0030583;HMDB0301810;HMDB0249232;HMDB0035134;HMDB0041304;HMDB0030162;HMDB0254250;HMDB0033528;HMDB0028914;HMDB0038576;HMDB0029488;HMDB0041907;HMDB0002302;HMDB0037921;HMDB0260077;HMDB0030712;HMDB0041089;HMDB0256019;HMDB0248260;HMDB0032983;HMDB0242590;HMDB0244864;HMDB0245249;HMDB0249658;HMDB0242666;HMDB0013871;HMDB0260330;HMDB0252212;HMDB0246889;HMDB0014448;HMDB0253968;HMDB0036408;HMDB0015273;HMDB0251453;HMDB0060899;HMDB0248877;HMDB0253047;HMDB0255832;HMDB0245576;HMDB0060841;HMDB0254796;HMDB0253035;;;;;;;;;;;;;;;;;
17;;;;;HMDB0031633;HMDB0035665;HMDB0035001;HMDB0013958;HMDB0041886;HMDB0041686;HMDB0059983;HMDB0132893;HMDB0014027;HMDB0029522;HMDB0059977;HMDB0032706;HMDB0033831;HMDB0033290;HMDB0254020;HMDB0040382;HMDB0030757;HMDB0250890;HMDB0034644;HMDB0039042;HMDB0033930;HMDB0033594;HMDB0060091;HMDB0032035;HMDB0250254;HMDB0041272;HMDB0035223;HMDB0033247;HMDB0034090;HMDB0006285;HMDB0030399;HMDB0030716;HMDB0034024;HMDB0257097;HMDB0030743;HMDB0015144;HMDB0032584;HMDB0015107;HMDB0257045;HMDB0029219;HMDB0036738;HMDB0260037;HMDB0031855;HMDB0036454;HMDB0244526;HMDB0253723;HMDB0034264;HMDB0030322;HMDB0258470;HMDB0011658;HMDB0094645;HMDB0248177;HMDB0250025;HMDB0255119;HMDB0250820;HMDB0015491;HMDB0248368;HMDB0244924;HMDB0036189;HMDB0030808;HMDB0256779;HMDB0257475;HMDB0242253;HMDB0255195;HMDB0254329;HMDB0258574;HMDB0060843;HMDB0251302;HMDB0247006;;;;;;;;;;;;;;;;;
18;;;;;HMDB0249749;HMDB0035689;HMDB0030909;HMDB0013959;HMDB0059797;HMDB0061006;HMDB0059978;HMDB0041672;HMDB0244962;HMDB0029377;HMDB0033176;HMDB0255151;HMDB0060995;HMDB0033946;HMDB0033980;HMDB0253332;HMDB0301988;HMDB0301785;HMDB0250478;HMDB0301808;HMDB0032888;HMDB0034027;HMDB0253430;HMDB0245742;HMDB0030618;HMDB0014420;HMDB0033623;HMDB0038943;HMDB0030829;HMDB0258327;HMDB0035801;HMDB0242310;HMDB0250495;HMDB0014943;HMDB0244561;HMDB0255275;HMDB0249541;HMDB0259770;HMDB0034130;HMDB0033146;HMDB0041654;HMDB0029399;HMDB0034015;HMDB0254780;HMDB0254219;HMDB0259110;HMDB0254976;HMDB0029818;HMDB0252245;HMDB0247264;HMDB0248946;HMDB0244681;HMDB0033702;HMDB0245743;HMDB0255463;HMDB0014955;HMDB0242619;HMDB0249901;HMDB0034345;HMDB0247386;HMDB0015191;HMDB0248303;HMDB0014408;HMDB0254256;HMDB0256084;HMDB0253384;HMDB0250015;HMDB0245926;HMDB0033841;;;;;;;;;;;;;;;;;
19;;;;;HMDB0040929;HMDB0038644;HMDB0035479;HMDB0258734;HMDB0001892;HMDB0041808;HMDB0240438;HMDB0041451;HMDB0039803;HMDB0013318;HMDB0259922;HMDB0259916;HMDB0000512;HMDB0033954;HMDB0002114;HMDB0041567;HMDB0030185;HMDB0034291;HMDB0030593;HMDB0030729;HMDB0039021;HMDB0034126;HMDB0015201;HMDB0062175;HMDB0035441;HMDB0031971;HMDB0031368;HMDB0296978;HMDB0033852;HMDB0258528;HMDB0258533;HMDB0038730;HMDB0059904;HMDB0029094;HMDB0258864;HMDB0059622;HMDB0252309;HMDB0060759;HMDB0029530;HMDB0030308;HMDB0041537;HMDB0031867;HMDB0033866;HMDB0253402;HMDB0247106;HMDB0247098;HMDB0015264;HMDB0037706;HMDB0256723;HMDB0250105;HMDB0248387;HMDB0245056;HMDB0242474;HMDB0015505;HMDB0242278;HMDB0062712;HMDB0242143;HMDB0035145;HMDB0039102;HMDB0240247;HMDB0244010;HMDB0256144;HMDB0256706;HMDB0251203;HMDB0257545;HMDB0014636;HMDB0249869;HMDB0257085;HMDB0032866;;;;;;;;;;;;;;;;;
20;;;;;HMDB0301743;HMDB0036644;HMDB0061062;HMDB0248764;HMDB0060858;HMDB0060651;HMDB0302135;HMDB0240250;HMDB0010351;HMDB0029972;HMDB0252899;HMDB0060332;HMDB0060788;HMDB0041299;HMDB0039037;HMDB0041647;HMDB0255878;HMDB0033877;HMDB0034054;HMDB0034663;HMDB0301806;HMDB0031949;HMDB0004629;HMDB0030522;HMDB0260362;HMDB0031463;HMDB0030486;HMDB0030639;HMDB0030687;HMDB0005035;HMDB0013948;HMDB0030400;HMDB0038514;HMDB0006218;HMDB0247038;HMDB0015471;HMDB0030503;HMDB0248054;HMDB0060718;HMDB0248190;HMDB0003141;HMDB0033859;HMDB0036073;HMDB0255152;HMDB0247112;HMDB0030709;HMDB0015133;HMDB0252304;HMDB0252269;HMDB0256237;HMDB0243984;HMDB0258959;HMDB0250601;HMDB0244921;HMDB0249561;HMDB0245485;HMDB0250340;HMDB0033000;HMDB0039377;HMDB0031695;HMDB0249912;HMDB0249082;HMDB0014605;HMDB0258616;HMDB0254407;HMDB0256093;HMDB0253446;HMDB0258585;;;;;;;;;;;;;;;;;;
21;;;;;HMDB0039153;HMDB0038665;HMDB0035428;HMDB0060851;HMDB0036849;HMDB0257044;HMDB0249872;HMDB0041645;HMDB0014468;HMDB0259908;HMDB0041468;HMDB0247580;HMDB0253398;HMDB0033734;HMDB0039018;HMDB0039036;HMDB0034014;HMDB0260003;HMDB0247581;HMDB0029905;HMDB0031916;HMDB0257136;HMDB0030561;HMDB0060301;HMDB0013040;HMDB0249603;HMDB0013949;HMDB0030695;HMDB0244005;HMDB0240546;HMDB0062282;HMDB0240522;HMDB0032876;HMDB0030884;HMDB0029095;HMDB0038577;HMDB0246421;HMDB0252944;HMDB0244287;HMDB0248283;HMDB0033587;HMDB0039755;HMDB0033310;HMDB0033471;HMDB0033936;HMDB0257548;HMDB0244118;HMDB0030495;HMDB0240492;HMDB0256189;HMDB0246234;HMDB0255446;HMDB0252414;HMDB0301844;HMDB0248998;HMDB0257096;HMDB0248162;HMDB0033743;HMDB0246440;HMDB0246338;HMDB0247661;HMDB0256609;HMDB0257303;HMDB0253827;HMDB0253585;HMDB0015087;HMDB0251232;HMDB0256646;;;;;;;;;;;;;;;;;;
22;;;;;HMDB0041693;HMDB0036782;HMDB0038115;HMDB0010323;HMDB0038724;HMDB0252191;HMDB0259768;HMDB0041649;HMDB0006552;HMDB0041667;HMDB0253720;HMDB0000842;HMDB0247593;HMDB0030616;HMDB0301953;HMDB0259935;HMDB0033880;HMDB0014660;HMDB0033139;HMDB0041123;HMDB0034669;HMDB0255133;HMDB0030756;HMDB0037628;HMDB0029088;HMDB0033314;HMDB0028743;HMDB0062438;HMDB0040811;HMDB0040834;HMDB0040823;HMDB0033016;HMDB0250836;HMDB0244312;HMDB0245596;HMDB0038589;HMDB0013806;HMDB0258102;HMDB0014853;HMDB0060510;HMDB0005789;HMDB0041372;HMDB0040408;HMDB0040694;HMDB0040369;HMDB0251875;HMDB0002096;HMDB0030647;HMDB0029160;HMDB0251644;HMDB0014367;HMDB0240526;HMDB0015160;HMDB0248221;HMDB0037760;HMDB0256560;HMDB0246373;HMDB0246491;HMDB0250332;HMDB0246000;HMDB0252957;HMDB0259320;HMDB0252036;HMDB0257153;HMDB0253646;HMDB0252291;HMDB0257372;HMDB0247856;;;;;;;;;;;;;;;;;;
23;;;;;HMDB0029566;HMDB0034760;SDF/HMDB0035186.pdb;HMDB0010340;HMDB0035067;HMDB0060850;HMDB0037030;HMDB0035367;HMDB0255835;HMDB0010349;HMDB0004241;HMDB0000372;HMDB0250690;HMDB0030815;HMDB0036457;HMDB0032589;HMDB0029374;HMDB0038163;HMDB0248887;HMDB0259093;HMDB0003175;HMDB0247352;HMDB0040930;HMDB0243958;HMDB0015573;HMDB0005781;HMDB0015699;HMDB0255623;HMDB0038917;HMDB0001940;HMDB0033303;HMDB0257055;HMDB0015406;HMDB0253448;HMDB0013139;HMDB0029304;HMDB0013846;HMDB0015558;HMDB0032698;HMDB0030382;HMDB0038878;HMDB0041678;HMDB0033800;HMDB0033360;HMDB0244568;HMDB0040533;HMDB0249277;HMDB0248961;HMDB0247284;HMDB0033483;HMDB0244678;HMDB0240539;HMDB0032056;HMDB0247759;HMDB0245941;HMDB0029708;HMDB0030650;HMDB0033530;HMDB0250925;HMDB0251022;HMDB0248539;HMDB0248875;HMDB0248393;HMDB0258246;HMDB0249661;HMDB0060945;HMDB0258797;HMDB0249755;;;;;;;;;;;;;;;;;;
24;;;;;HMDB0038331;HMDB0030740;HMDB0036451;HMDB0037068;HMDB0302020;HMDB0255172;HMDB0245901;HMDB0240500;HMDB0010324;HMDB0258304;HMDB0249963;HMDB0250512;HMDB0041088;HMDB0030722;HMDB0013245;HMDB0034256;HMDB0038874;HMDB0038173;HMDB0041407;HMDB0015547;HMDB0029870;HMDB0253433;HMDB0034449;HMDB0030563;HMDB0259557;HMDB0302137;HMDB0254731;HMDB0248438;HMDB0035233;HMDB0033832;HMDB0040793;HMDB0033722;HMDB0257008;HMDB0254759;HMDB0042059;HMDB0014395;HMDB0258816;HMDB0014956;HMDB0296989;HMDB0015313;HMDB0038900;HMDB0036453;HMDB0005042;HMDB0247600;HMDB0033486;HMDB0033480;HMDB0040931;HMDB0255874;HMDB0030636;HMDB0041996;HMDB0248513;HMDB0244925;HMDB0246761;HMDB0240563;HMDB0060383;HMDB0252623;HMDB0258583;HMDB0041681;HMDB0240244;HMDB0253567;HMDB0249000;HMDB0248373;HMDB0250458;HMDB0249688;HMDB0247738;HMDB0256212;HMDB0015267;HMDB0004810;;;;;;;;;;;;;;;;;;
25;;;;;HMDB0038292;HMDB0034212;HMDB0034209;HMDB0248949;HMDB0029250;HMDB0014633;HMDB0251751;HMDB0060826;HMDB0010343;HMDB0256656;HMDB0000706;HMDB0032926;HMDB0041576;HMDB0246378;HMDB0256360;HMDB0034186;HMDB0031877;HMDB0033193;HMDB0031993;HMDB0037558;HMDB0252734;HMDB0254403;HMDB0033882;HMDB0034049;HMDB0258424;HMDB0029112;HMDB0061170;HMDB0031360;HMDB0041192;HMDB0252729;HMDB0031975;HMDB0257267;HMDB0259653;HMDB0013189;HMDB0011167;HMDB0060535;HMDB0251143;HMDB0029688;HMDB0251952;HMDB0249396;HMDB0259900;HMDB0003263;HMDB0253336;HMDB0062178;HMDB0252290;HMDB0244095;HMDB0250100;HMDB0256603;HMDB0030637;HMDB0255723;HMDB0012994;HMDB0251078;HMDB0248991;HMDB0033758;HMDB0015522;HMDB0245975;HMDB0003573;HMDB0246223;HMDB0041682;HMDB0244406;HMDB0041858;HMDB0255647;HMDB0249803;HMDB0060980;HMDB0257265;HMDB0031778;HMDB0015297;HMDB0036387;;;;;;;;;;;;;;;;;;
26;;;;;;HMDB0029287;HMDB0029249;HMDB0039493;HMDB0030644;HMDB0010341;HMDB0252193;HMDB0252244;HMDB0010347;HMDB0247652;HMDB0240502;HMDB0003312;HMDB0035371;HMDB0030682;HMDB0247743;HMDB0030600;HMDB0036936;HMDB0259628;HMDB0251590;HMDB0302079;HMDB0251619;HMDB0252203;HMDB0029519;HMDB0035195;HMDB0015098;HMDB0029006;HMDB0039238;HMDB0039404;HMDB0259779;HMDB0248345;HMDB0257155;HMDB0240661;HMDB0255086;HMDB0029366;HMDB0244782;HMDB0247086;HMDB0256235;HMDB0251931;HMDB0250599;HMDB0032685;HMDB0041310;HMDB0030672;HMDB0029293;HMDB0256416;HMDB0033362;HMDB0252945;HMDB0250999;HMDB0242153;HMDB0038481;HMDB0255088;HMDB0245294;HMDB0060925;HMDB0244969;HMDB0258036;HMDB0242567;HMDB0259924;HMDB0032757;HMDB0004087;HMDB0244410;HMDB0060517;HMDB0247479;HMDB0015229;HMDB0251835;HMDB0247766;HMDB0060951;HMDB0041951;HMDB0249216;HMDB0253256;;;;;;;;;;;;;;;;;;
27;;;;;;;;HMDB0034981;HMDB0030648;HMDB0255576;HMDB0245718;HMDB0257498;HMDB0060658;HMDB0253975;HMDB0243837;;HMDB0033099;HMDB0040713;HMDB0029836;HMDB0034150;HMDB0036471;HMDB0259635;HMDB0248823;HMDB0258614;HMDB0256450;HMDB0040326;HMDB0033258;HMDB0040568;HMDB0244055;HMDB0028694;HMDB0254811;HMDB0035230;HMDB0013947;HMDB0040381;HMDB0302139;HMDB0032886;HMDB0255500;HMDB0254671;HMDB0257127;HMDB0005897;HMDB0255981;HMDB0004078;HMDB0014722;HMDB0252403;HMDB0038573;HMDB0260041;HMDB0041698;HMDB0255639;HMDB0061039;HMDB0253248;HMDB0240711;HMDB0015359;HMDB0245881;HMDB0253175;HMDB0254660;HMDB0245994;HMDB0255594;HMDB0251038;HMDB0256542;HMDB0032133;HMDB0258617;HMDB0260142;HMDB0030580;HMDB0252256;HMDB0257130;HMDB0249493;HMDB0255607;HMDB0253369;HMDB0060956;HMDB0033447;HMDB0029668;;;;;;;;;;;;;;;;;;;
28;;;;;;;;HMDB0038725;;HMDB0256694;HMDB0014590;HMDB0060582;HMDB0014792;HMDB0254157;HMDB0040774;;;HMDB0030547;HMDB0038873;HMDB0255980;HMDB0259982;HMDB0038415;HMDB0037570;HMDB0014771;HMDB0029746;HMDB0029292;HMDB0029098;HMDB0029518;HMDB0255509;HMDB0013679;HMDB0028998;HMDB0035366;HMDB0240237;HMDB0253390;HMDB0030350;HMDB0247719;HMDB0028897;HMDB0014542;HMDB0253750;HMDB0240572;HMDB0242406;HMDB0248000;HMDB0014411;HMDB0259831;HMDB0251996;HMDB0240378;HMDB0035191;HMDB0245184;HMDB0062188;HMDB0302021;HMDB0252539;HMDB0004808;HMDB0254071;HMDB0250864;HMDB0059733;HMDB0254808;HMDB0244280;HMDB0032412;HMDB0247761;HMDB0034182;HMDB0030723;HMDB0245662;HMDB0030327;HMDB0032027;HMDB0062503;HMDB0254372;HMDB0014353;HMDB0254076;HMDB0253371;HMDB0039097;HMDB0249304;;;;;;;;;;;;;;;;;;;
29;;;;;;;;HMDB0036794;;HMDB0252948;HMDB0259625;HMDB0004240;HMDB0030090;HMDB0029295;;;;HMDB0034118;HMDB0042002;HMDB0060008;HMDB0033211;HMDB0033162;HMDB0037586;HMDB0060942;HMDB0248886;HMDB0030871;HMDB0029821;HMDB0037109;HMDB0014967;HMDB0029084;HMDB0248851;HMDB0034588;HMDB0038834;HMDB0249921;HMDB0029687;HMDB0258423;HMDB0028892;HMDB0245911;HMDB0249721;HMDB0244786;HMDB0255117;HMDB0255775;HMDB0014958;HMDB0247208;HMDB0248051;HMDB0041652;HMDB0033771;HMDB0244543;HMDB0248495;HMDB0245699;HMDB0255769;HMDB0244537;HMDB0033435;HMDB0248338;HMDB0060571;HMDB0244596;HMDB0015465;HMDB0301940;HMDB0256391;HMDB0036984;HMDB0257115;HMDB0252748;HMDB0246001;HMDB0252407;HMDB0248745;HMDB0253285;HMDB0257046;HMDB0248012;HMDB0251206;HMDB0254901;HMDB0031958;;;;;;;;;;;;;;;;;;;
30;;;;;;;;HMDB0039166;;HMDB0252949;HMDB0248034;HMDB0010348;HMDB0035774;;;;;HMDB0258353;HMDB0249235;HMDB0242106;HMDB0245246;HMDB0033911;HMDB0032654;HMDB0039684;HMDB0248891;HMDB0039067;HMDB0014979;HMDB0028993;HMDB0257441;HMDB0251828;HMDB0028764;HMDB0013946;HMDB0033759;HMDB0257261;HMDB0029823;HMDB0256208;HMDB0257229;HMDB0247739;HMDB0246810;HMDB0257233;HMDB0244736;HMDB0255785;HMDB0258217;HMDB0014794;HMDB0240658;HMDB0034077;HMDB0033950;HMDB0244491;HMDB0254095;HMDB0250017;HMDB0251837;HMDB0257521;HMDB0250244;HMDB0251223;HMDB0250810;HMDB0032553;HMDB0240538;HMDB0259011;HMDB0036443;HMDB0256929;HMDB0247500;HMDB0036409;HMDB0253572;HMDB0254642;HMDB0253092;HMDB0252160;HMDB0251118;HMDB0249022;HMDB0259567;HMDB0061069;;;;;;;;;;;;;;;;;;;;
31;;;;;;;;HMDB0038805;;HMDB0060853;HMDB0247374;HMDB0015126;HMDB0259212;;;;;HMDB0061853;HMDB0297010;HMDB0030868;HMDB0060002;HMDB0034873;HMDB0244751;HMDB0041251;HMDB0061060;HMDB0248938;HMDB0252624;HMDB0256944;HMDB0256234;HMDB0256734;HMDB0029007;HMDB0040121;HMDB0240725;HMDB0244459;HMDB0246716;HMDB0257041;HMDB0251762;HMDB0256447;HMDB0245825;HMDB0254344;HMDB0247514;HMDB0254096;HMDB0015511;HMDB0249490;HMDB0034621;HMDB0033986;HMDB0033188;HMDB0246654;HMDB0244221;HMDB0060352;HMDB0245513;HMDB0244101;HMDB0033086;HMDB0255770;HMDB0014359;HMDB0059732;HMDB0246207;HMDB0032865;HMDB0244004;HMDB0013692;HMDB0246994;HMDB0032997;HMDB0032028;HMDB0247256;HMDB0252016;HMDB0014466;HMDB0258269;HMDB0254229;HMDB0060927;;;;;;;;;;;;;;;;;;;;;
32;;;;;;;;HMDB0034837;;HMDB0249594;HMDB0006061;HMDB0255772;HMDB0244439;;;;;HMDB0241253;HMDB0241886;HMDB0034444;HMDB0035805;HMDB0037581;HMDB0037531;HMDB0032129;HMDB0015005;HMDB0060103;HMDB0254503;HMDB0245248;HMDB0258501;HMDB0255536;HMDB0029090;HMDB0002209;HMDB0039065;HMDB0030351;HMDB0029822;HMDB0005020;HMDB0255714;HMDB0247685;HMDB0029322;HMDB0257249;HMDB0246508;HMDB0014814;HMDB0247578;HMDB0015257;HMDB0246634;HMDB0029520;HMDB0039808;HMDB0032579;HMDB0000594;HMDB0252279;HMDB0254194;HMDB0252408;HMDB0253202;HMDB0258702;HMDB0247800;HMDB0244703;HMDB0254377;HMDB0034364;HMDB0030710;HMDB0014446;HMDB0014388;HMDB0032991;HMDB0031705;HMDB0030807;HMDB0244192;HMDB0256027;HMDB0014641;HMDB0247554;HMDB0060579;;;;;;;;;;;;;;;;;;;;;
33;;;;;;;;HMDB0036771;;HMDB0035742;HMDB0060328;HMDB0060861;HMDB0036417;;;;;HMDB0241799;HMDB0014951;HMDB0034310;HMDB0034371;HMDB0243961;HMDB0037552;HMDB0032655;HMDB0259675;HMDB0258906;HMDB0014713;HMDB0250039;HMDB0251291;HMDB0250499;HMDB0251668;HMDB0030487;HMDB0259426;HMDB0014851;HMDB0258104;HMDB0259648;HMDB0246785;HMDB0038423;HMDB0014643;HMDB0253274;HMDB0257513;HMDB0255942;HMDB0249370;HMDB0014558;HMDB0259626;HMDB0257735;HMDB0037253;HMDB0032759;HMDB0251786;HMDB0252116;HMDB0258726;HMDB0249195;HMDB0038340;HMDB0240475;HMDB0060944;HMDB0247304;HMDB0246054;HMDB0248957;HMDB0258915;HMDB0015678;HMDB0041322;HMDB0242214;HMDB0250409;HMDB0041860;HMDB0254794;HMDB0005039;HMDB0253087;HMDB0014745;HMDB0249570;;;;;;;;;;;;;;;;;;;;;
34;;;;;;;;HMDB0041937;;HMDB0038666;HMDB0015102;HMDB0301909;HMDB0036586;;;;;HMDB0253988;HMDB0254171;HMDB0241994;HMDB0035849;HMDB0036173;HMDB0030882;HMDB0032656;HMDB0029631;HMDB0015575;HMDB0256928;HMDB0250395;HMDB0257032;HMDB0247889;HMDB0247563;HMDB0249531;HMDB0258247;HMDB0033355;HMDB0250422;HMDB0257239;HMDB0248313;HMDB0252684;HMDB0243628;HMDB0257283;HMDB0240515;HMDB0014493;HMDB0250334;HMDB0258324;HMDB0032697;HMDB0032756;HMDB0252674;HMDB0242556;HMDB0247483;HMDB0252280;HMDB0247541;HMDB0244493;HMDB0033883;HMDB0002710;HMDB0248786;HMDB0240712;HMDB0039169;HMDB0248470;HMDB0032758;HMDB0014715;HMDB0246963;HMDB0259610;HMDB0253775;HMDB0245208;HMDB0250423;HMDB0249805;HMDB0015249;HMDB0249063;HMDB0240506;;;;;;;;;;;;;;;;;;;;;
35;;;;;;;;HMDB0030755;;HMDB0031809;HMDB0041793;HMDB0035880;HMDB0041370;;;;;HMDB0248085;HMDB0249951;HMDB0252194;HMDB0252732;HMDB0041234;HMDB0035984;HMDB0031663;HMDB0035734;HMDB0004685;HMDB0039502;HMDB0254050;HMDB0040670;HMDB0256608;HMDB0015384;HMDB0251759;HMDB0060519;HMDB0038225;HMDB0257255;HMDB0038549;HMDB0061155;;HMDB0011179;HMDB0257813;HMDB0041970;HMDB0249356;HMDB0257258;HMDB0258526;HMDB0060029;HMDB0248821;HMDB0003306;HMDB0257288;HMDB0249801;HMDB0251600;HMDB0244078;HMDB0014663;HMDB0037200;HMDB0014933;HMDB0015028;HMDB0014497;HMDB0251257;HMDB0246516;HMDB0041341;HMDB0254429;HMDB0247900;HMDB0244545;HMDB0252355;HMDB0248963;HMDB0255005;HMDB0249056;HMDB0015667;HMDB0242009;HMDB0032999;;;;;;;;;;;;;;;;;;;;;
36;;;;;;;;HMDB0029284;;HMDB0029288;HMDB0060869;HMDB0035790;HMDB0038831;;;;;HMDB0249998;HMDB0301737;HMDB0257551;HMDB0241999;HMDB0256259;HMDB0255963;HMDB0032130;HMDB0251682;HMDB0256229;HMDB0259080;HMDB0253450;HMDB0011723;HMDB0041749;HMDB0254209;HMDB0028742;HMDB0255118;HMDB0012240;HMDB0034722;HMDB0246364;HMDB0034752;;HMDB0247830;HMDB0258678;HMDB0243965;HMDB0257152;HMDB0240640;HMDB0258066;HMDB0014608;HMDB0041315;HMDB0257698;HMDB0002372;HMDB0251770;HMDB0253377;HMDB0013961;HMDB0257186;HMDB0033874;HMDB0253721;HMDB0255484;HMDB0242230;HMDB0039132;HMDB0252264;HMDB0034566;HMDB0252834;HMDB0250140;HMDB0247503;HMDB0254676;HMDB0249865;HMDB0245147;HMDB0248405;HMDB0249091;HMDB0015534;HMDB0061090;;;;;;;;;;;;;;;;;;;;;
37;;;;;;;;HMDB0039765;;HMDB0029253;HMDB0035525;HMDB0030379;HMDB0013302;;;;;HMDB0250718;;HMDB0039820;HMDB0034867;HMDB0038145;HMDB0243932;HMDB0255518;HMDB0037323;HMDB0035196;HMDB0030244;HMDB0247332;HMDB0035193;HMDB0244548;HMDB0248714;HMDB0029117;HMDB0245634;HMDB0030377;HMDB0256615;HMDB0253061;HMDB0254748;;HMDB0029367;HMDB0252699;HMDB0255777;HMDB0256152;HMDB0061721;HMDB0259843;HMDB0249686;HMDB0033928;HMDB0255418;HMDB0015497;HMDB0246061;HMDB0060910;HMDB0244411;HMDB0247140;HMDB0033012;HMDB0256925;HMDB0254173;HMDB0014837;HMDB0015319;HMDB0248485;HMDB0038158;HMDB0015000;HMDB0252334;HMDB0247506;HMDB0254339;HMDB0253739;HMDB0249523;HMDB0251711;HMDB0240508;HMDB0251979;HMDB0035136;;;;;;;;;;;;;;;;;;;;;
38;;;;;;;;HMDB0034403;;HMDB0033959;HMDB0035759;HMDB0034437;HMDB0034438;;;;;HMDB0031620;;HMDB0034899;HMDB0039902;HMDB0247693;HMDB0256570;HMDB0039172;HMDB0259932;HMDB0033264;HMDB0038492;HMDB0253467;HMDB0247396;HMDB0248363;HMDB0257439;HMDB0253030;HMDB0256171;HMDB0242646;HMDB0257231;HMDB0032708;HMDB0244342;;HMDB0244516;HMDB0255551;HMDB0255797;HMDB0015315;HMDB0061755;HMDB0012622;HMDB0249489;HMDB0038571;HMDB0252312;HMDB0032061;HMDB0014914;HMDB0244408;HMDB0246115;HMDB0245007;HMDB0030772;HMDB0258323;HMDB0060349;HMDB0252175;HMDB0015048;HMDB0060321;HMDB0014390;HMDB0033279;HMDB0250141;HMDB0060966;HMDB0247682;HMDB0013852;HMDB0251748;HMDB0015317;HMDB0014938;HMDB0255640;HMDB0247700;;;;;;;;;;;;;;;;;;;;;
39;;;;;;;;HMDB0029251;;;HMDB0031552;;;;;;;;;HMDB0249231;HMDB0033782;HMDB0029318;HMDB0040794;HMDB0030875;HMDB0039209;HMDB0041273;;HMDB0257955;HMDB0242239;HMDB0255848;HMDB0256401;HMDB0029824;HMDB0247641;HMDB0257269;HMDB0240504;HMDB0257007;HMDB0250539;;HMDB0251649;HMDB0041770;HMDB0248928;HMDB0240591;HMDB0250343;HMDB0249019;HMDB0259876;HMDB0249687;HMDB0038554;;HMDB0034334;HMDB0060420;HMDB0245592;HMDB0249675;HMDB0260028;HMDB0258971;HMDB0251892;HMDB0245602;HMDB0244544;HMDB0060603;HMDB0060652;HMDB0247045;HMDB0032944;HMDB0040630;HMDB0244404;HMDB0060832;HMDB0246176;HMDB0258572;HMDB0029401;HMDB0251209;;;;;;;;;;;;;;;;;;;;;;
40;;;;;;;;;;;HMDB0035767;;;;;;;;;HMDB0029528;HMDB0037585;;HMDB0036003;HMDB0301736;HMDB0030873;HMDB0254690;;HMDB0015409;HMDB0246680;HMDB0248258;HMDB0301843;HMDB0253820;HMDB0015594;HMDB0013240;HMDB0246395;HMDB0029104;HMDB0034376;;HMDB0014961;HMDB0246581;HMDB0255773;HMDB0012281;HMDB0252896;HMDB0257266;HMDB0259839;HMDB0259801;HMDB0244563;;HMDB0243892;HMDB0244689;HMDB0245327;HMDB0244932;HMDB0033563;HMDB0030219;HMDB0031992;HMDB0014887;HMDB0253681;HMDB0250034;HMDB0014580;HMDB0246986;HMDB0254279;HMDB0030724;HMDB0252952;HMDB0014760;HMDB0256358;HMDB0252210;HMDB0030488;HMDB0251179;;;;;;;;;;;;;;;;;;;;;;
41;;;;;;;;;;;HMDB0034999;;;;;;;;;;HMDB0258648;;HMDB0041245;HMDB0014959;HMDB0034057;HMDB0255452;;HMDB0038528;HMDB0255056;0.0;HMDB0253996;HMDB0254816;HMDB0246692;HMDB0240513;HMDB0028997;HMDB0029289;HMDB0028738;;HMDB0031729;HMDB0255422;HMDB0253322;HMDB0250397;HMDB0253025;HMDB0060824;HMDB0014383;HMDB0245217;HMDB0253737;;HMDB0060837;HMDB0247236;HMDB0032953;HMDB0258708;HMDB0248959;HMDB0041401;HMDB0251958;HMDB0250883;HMDB0003324;HMDB0255301;HMDB0254820;HMDB0032955;HMDB0244418;HMDB0060831;HMDB0041195;HMDB0254997;HMDB0247678;HMDB0013924;;HMDB0015279;;;;;;;;;;;;;;;;;;;;;;
42;;;;;;;;;;;HMDB0248733;;;;;;;;;;HMDB0039327;;HMDB0249919;HMDB0245066;HMDB0253534;HMDB0030176;;HMDB0301851;HMDB0253359;HMDB0257259;HMDB0255449;HMDB0001204;HMDB0254511;HMDB0039309;HMDB0252989;HMDB0252477;HMDB0000431;;HMDB0257995;HMDB0059764;HMDB0247892;HMDB0254643;HMDB0014639;HMDB0041882;HMDB0257114;HMDB0032064;HMDB0246059;;HMDB0060077;HMDB0041712;HMDB0252233;HMDB0259210;HMDB0247137;HMDB0112083;HMDB0255426;HMDB0248990;HMDB0041732;HMDB0249689;HMDB0249978;HMDB0015542;HMDB0256042;HMDB0247996;HMDB0060835;HMDB0001518;HMDB0249324;HMDB0252835;;HMDB0015097;;;;;;;;;;;;;;;;;;;;;;
43;;;;;;;;;;;HMDB0259897;;;;;;;;;;HMDB0296894;;HMDB0014728;HMDB0253573;HMDB0060104;HMDB0030182;;HMDB0041319;HMDB0259754;HMDB0257284;HMDB0251734;HMDB0259948;HMDB0259961;HMDB0028804;HMDB0029290;HMDB0242129;HMDB0246388;;HMDB0258058;HMDB0249737;HMDB0242152;HMDB0251766;HMDB0014980;HMDB0014798;HMDB0257195;HMDB0060027;HMDB0060032;;HMDB0247637;HMDB0251101;HMDB0301942;HMDB0039058;HMDB0259074;HMDB0258916;HMDB0039858;HMDB0258686;HMDB0248865;HMDB0257250;HMDB0014862;HMDB0246194;HMDB0003747;HMDB0252328;HMDB0250129;HMDB0244212;HMDB0245170;HMDB0032699;;HMDB0014757;;;;;;;;;;;;;;;;;;;;;;
44;;;;;;;;;;;HMDB0029738;;;;;;;;;;;;HMDB0032723;HMDB0243831;HMDB0256072;HMDB0030617;;HMDB0259788;HMDB0039137;HMDB0256390;HMDB0003601;HMDB0002269;HMDB0001938;HMDB0255851;HMDB0253434;HMDB0062177;HMDB0253854;;HMDB0259604;HMDB0257461;HMDB0240573;HMDB0253407;HMDB0061055;HMDB0061059;HMDB0240720;HMDB0251662;HMDB0244819;;HMDB0243957;HMDB0032529;HMDB0040876;HMDB0244235;HMDB0253995;HMDB0040837;HMDB0014999;HMDB0249344;HMDB0253864;HMDB0259455;HMDB0060961;HMDB0246942;HMDB0255150;HMDB0254822;HMDB0248067;HMDB0245540;HMDB0247272;HMDB0240510;;HMDB0013889;;;;;;;;;;;;;;;;;;;;;;
45;;;;;;;;;;;HMDB0301866;;;;;;;;;;;;HMDB0032738;HMDB0060022;HMDB0001570;HMDB0039500;;HMDB0038501;HMDB0032937;HMDB0255496;HMDB0257086;HMDB0255204;HMDB0000637;HMDB0248956;HMDB0029093;HMDB0028875;;;HMDB0242661;HMDB0257369;HMDB0240642;HMDB0248997;HMDB0060484;HMDB0249648;;HMDB0015433;HMDB0251652;;HMDB0246312;HMDB0244656;HMDB0301814;HMDB0254804;HMDB0252141;HMDB0030745;HMDB0240487;HMDB0014917;HMDB0248735;HMDB0249806;HMDB0248748;HMDB0252480;HMDB0256774;HMDB0245505;HMDB0246646;HMDB0249109;HMDB0243591;HMDB0029789;;HMDB0013911;;;;;;;;;;;;;;;;;;;;;;
46;;;;;;;;;;;;;;;;;;;;;;;HMDB0032998;HMDB0257241;HMDB0040915;HMDB0030214;;;HMDB0248916;HMDB0032936;HMDB0060969;HMDB0254692;HMDB0035478;HMDB0029092;HMDB0252429;HMDB0037039;;;HMDB0257105;HMDB0247971;HMDB0254655;HMDB0252951;HMDB0257236;HMDB0252354;;HMDB0259878;HMDB0002236;;HMDB0242438;HMDB0248973;HMDB0259099;HMDB0246045;HMDB0252997;HMDB0029739;HMDB0259891;HMDB0247391;HMDB0242411;HMDB0246372;HMDB0250216;HMDB0037913;HMDB0255826;HMDB0034279;HMDB0245390;HMDB0015271;HMDB0029783;HMDB0038419;;HMDB0013919;;;;;;;;;;;;;;;;;;;;;;
47;;;;;;;;;;;;;;;;;;;;;;;HMDB0033430;HMDB0040926;HMDB0033648;;;;;HMDB0253042;HMDB0256242;HMDB0010362;HMDB0042058;HMDB0029083;HMDB0028990;HMDB0015586;;;HMDB0248295;HMDB0250992;HMDB0259322;HMDB0254009;HMDB0041787;HMDB0258320;;HMDB0259835;HMDB0259838;;HMDB0059741;HMDB0301750;HMDB0248784;HMDB0256347;HMDB0249204;HMDB0251200;HMDB0041307;HMDB0036119;HMDB0256261;HMDB0015308;HMDB0062612;HMDB0032887;HMDB0033332;HMDB0041400;HMDB0033153;HMDB0240708;HMDB0040869;HMDB0037490;;HMDB0013926;;;;;;;;;;;;;;;;;;;;;;
48;;;;;;;;;;;;;;;;;;;;;;;HMDB0040903;HMDB0248580;HMDB0041394;;;;;HMDB0255590;HMDB0254899;HMDB0028765;HMDB0000874;HMDB0029076;HMDB0028991;HMDB0033450;;;HMDB0258636;HMDB0015382;HMDB0249727;HMDB0249535;HMDB0256020;HMDB0250094;;HMDB0254894;HMDB0243967;;HMDB0243955;HMDB0252198;HMDB0249054;HMDB0248805;HMDB0249672;HMDB0030823;HMDB0014883;HMDB0240215;HMDB0031762;HMDB0251046;HMDB0038018;HMDB0033111;HMDB0245831;HMDB0259832;HMDB0060915;HMDB0029752;HMDB0035447;HMDB0030846;;HMDB0251456;;;;;;;;;;;;;;;;;;;;;;
49;;;;;;;;;;;;;;;;;;;;;;;HMDB0032175;HMDB0038257;HMDB0030164;;;;;HMDB0246799;HMDB0001510;HMDB0250223;HMDB0060325;HMDB0244288;HMDB0000839;HMDB0251289;;;HMDB0258783;HMDB0015219;HMDB0252718;HMDB0060491;HMDB0251165;HMDB0251138;;HMDB0015151;HMDB0245539;;HMDB0032848;HMDB0246110;HMDB0250001;HMDB0244253;HMDB0251869;HMDB0038480;HMDB0041776;HMDB0258285;HMDB0249858;HMDB0015326;HMDB0252024;HMDB0245357;HMDB0032659;HMDB0255019;HMDB0060524;HMDB0037529;HMDB0030477;HMDB0257171;;HMDB0245676;;;;;;;;;;;;;;;;;;;;;;
50;;;;;;;;;;;;;;;;;;;;;;;HMDB0036164;HMDB0041395;HMDB0033359;;;;;;HMDB0255492;HMDB0253475;HMDB0029005;HMDB0029096;HMDB0011687;HMDB0253182;;;HMDB0248463;HMDB0251315;HMDB0252303;HMDB0250486;HMDB0253850;;;HMDB0249580;HMDB0249583;;HMDB0258955;HMDB0061854;HMDB0245005;HMDB0244853;HMDB0060647;HMDB0040007;HMDB0259408;HMDB0256175;HMDB0257099;HMDB0251457;HMDB0029492;HMDB0029464;HMDB0254907;HMDB0060993;HMDB0247182;HMDB0032040;HMDB0030248;;;HMDB0013680;;;;;;;;;;;;;;;;;;;;;;
51;;;;;;;;;;;;;;;;;;;;;;;HMDB0039611;HMDB0032734;HMDB0302081;;;;;;HMDB0015377;HMDB0255442;HMDB0252353;HMDB0029097;HMDB0028808;HMDB0029365;;;HMDB0035864;HMDB0254174;HMDB0253997;HMDB0015396;HMDB0249420;;;;;;HMDB0002124;HMDB0041747;HMDB0253633;HMDB0259038;HMDB0015108;HMDB0030818;HMDB0250044;HMDB0060715;HMDB0251002;HMDB0252033;HMDB0245379;HMDB0112094;HMDB0035003;HMDB0249924;HMDB0240660;HMDB0245018;HMDB0242114;;;HMDB0257652;;;;;;;;;;;;;;;;;;;;;;
52;;;;;;;;;;;;;;;;;;;;;;;;HMDB0032585;;;;;;;;HMDB0256626;HMDB0253401;HMDB0039273;HMDB0013163;HMDB0254085;;;HMDB0033710;HMDB0253841;HMDB0001894;HMDB0015398;HMDB0014476;;;;;;HMDB0246618;HMDB0244702;HMDB0244424;HMDB0258722;HMDB0256363;HMDB0029999;HMDB0251004;HMDB0259078;HMDB0250209;HMDB0041908;HMDB0247024;HMDB0246987;HMDB0014576;HMDB0255030;HMDB0014946;HMDB0256551;HMDB0032847;;;HMDB0030490;;;;;;;;;;;;;;;;;;;;;;
53;;;;;;;;;;;;;;;;;;;;;;;;HMDB0033392;;;;;;;;HMDB0029086;HMDB0258663;HMDB0028874;HMDB0029106;HMDB0028852;;;HMDB0251297;HMDB0258218;HMDB0060438;HMDB0255076;HMDB0254057;;;;;;HMDB0004185;HMDB0060114;HMDB0032299;HMDB0258575;HMDB0256292;HMDB0005782;HMDB0252994;HMDB0247033;HMDB0246975;HMDB0244393;HMDB0035018;HMDB0030319;HMDB0245218;HMDB0248350;HMDB0256631;HMDB0246698;;;;;;;;;;;;;;;;;;;;;;;;;;
54;;;;;;;;;;;;;;;;;;;;;;;;HMDB0032173;;;;;;;;HMDB0029091;HMDB0244497;HMDB0012111;HMDB0000416;HMDB0015341;;;;HMDB0249653;HMDB0256604;HMDB0014649;HMDB0252320;;;;;;HMDB0257957;HMDB0246142;HMDB0244793;HMDB0245629;HMDB0253462;HMDB0037251;HMDB0254158;HMDB0252924;HMDB0254244;HMDB0033294;HMDB0246153;HMDB0245251;HMDB0253488;HMDB0013960;HMDB0256624;HMDB0015464;;;;;;;;;;;;;;;;;;;;;;;;;;
55;;;;;;;;;;;;;;;;;;;;;;;;HMDB0029307;;;;;;;;HMDB0029009;HMDB0250312;HMDB0028830;HMDB0015704;HMDB0061143;;;;HMDB0242309;HMDB0014682;HMDB0041778;HMDB0249208;;;;;;HMDB0015494;HMDB0247297;HMDB0247127;HMDB0244699;HMDB0038488;HMDB0030773;HMDB0247048;HMDB0249965;HMDB0255114;HMDB0041169;HMDB0246771;HMDB0031385;HMDB0246297;HMDB0247170;HMDB0246294;HMDB0001000;;;;;;;;;;;;;;;;;;;;;;;;;;
56;;;;;;;;;;;;;;;;;;;;;;;;HMDB0244396;;;;;;;;HMDB0029029;HMDB0029087;HMDB0015688;HMDB0000667;HMDB0245141;;;;HMDB0248542;HMDB0255722;HMDB0014645;HMDB0256069;;;;;;HMDB0015637;HMDB0247615;HMDB0246146;HMDB0014736;HMDB0253636;HMDB0250538;HMDB0253324;HMDB0251204;HMDB0250591;HMDB0037707;HMDB0033299;HMDB0029584;HMDB0243959;HMDB0015149;HMDB0258346;HMDB0037338;;;;;;;;;;;;;;;;;;;;;;;;;;
57;;;;;;;;;;;;;;;;;;;;;;;;HMDB0251272;;;;;;;;HMDB0029078;HMDB0029081;HMDB0028699;HMDB0257242;HMDB0014829;;;;HMDB0247141;HMDB0253684;HMDB0255666;;;;;;;HMDB0032368;HMDB0247328;HMDB0245247;HMDB0251222;HMDB0062723;HMDB0005014;HMDB0260006;HMDB0244387;HMDB0251365;HMDB0040357;HMDB0041168;HMDB0246719;HMDB0240657;HMDB0246296;HMDB0257679;HMDB0033349;;;;;;;;;;;;;;;;;;;;;;;;;;
58;;;;;;;;;;;;;;;;;;;;;;;;;;;;;;;;HMDB0029080;HMDB0029028;HMDB0014611;HMDB0252922;HMDB0039057;;;;HMDB0040465;HMDB0259496;HMDB0245702;;;;;;;;HMDB0059746;HMDB0248145;HMDB0247642;HMDB0256770;HMDB0258435;HMDB0039767;HMDB0240715;HMDB0253473;HMDB0033997;HMDB0041174;HMDB0244714;HMDB0258586;HMDB0001389;HMDB0029774;HMDB0258098;;;;;;;;;;;;;;;;;;;;;;;;;;
59;;;;;;;;;;;;;;;;;;;;;;;;;;;;;;;;HMDB0029082;HMDB0029050;HMDB0000881;HMDB0248502;HMDB0002326;;;;HMDB0254237;HMDB0250271;HMDB0014257;;;;;;;;HMDB0041986;HMDB0247303;HMDB0255456;HMDB0246756;HMDB0251829;HMDB0030790;HMDB0031948;HMDB0035502;HMDB0029849;HMDB0029869;HMDB0243534;HMDB0037218;HMDB0249353;HMDB0037608;HMDB0245939;;;;;;;;;;;;;;;;;;;;;;;;;;
60;;;;;;;;;;;;;;;;;;;;;;;;;;;;;;;;HMDB0029085;HMDB0005808;;HMDB0259987;HMDB0249023;;;;;HMDB0015338;HMDB0060534;;;;;;;;HMDB0255028;HMDB0247289;HMDB0244611;HMDB0245853;HMDB0041872;HMDB0031821;HMDB0039775;HMDB0038384;HMDB0260146;HMDB0030464;HMDB0252335;HMDB0250255;HMDB0250854;HMDB0014593;HMDB0036616;;;;;;;;;;;;;;;;;;;;;;;;;;
61;;;;;;;;;;;;;;;;;;;;;;;;;;;;;;;;HMDB0028994;HMDB0028988;;;HMDB0015698;;;;;HMDB0015159;HMDB0015118;;;;;;;;HMDB0042044;HMDB0248130;HMDB0242441;HMDB0246138;HMDB0259360;HMDB0035501;HMDB0040320;HMDB0040699;HMDB0029191;HMDB0240548;HMDB0257556;HMDB0258430;HMDB0060617;HMDB0253779;HMDB0041439;;;;;;;;;;;;;;;;;;;;;;;;;;
62;;;;;;;;;;;;;;;;;;;;;;;;;;;;;;;;HMDB0254254;HMDB0029079;;;HMDB0001849;;;;;HMDB0013972;HMDB0256930;;;;;;;;HMDB0041969;HMDB0248144;HMDB0247123;HMDB0252357;HMDB0247885;HMDB0038324;HMDB0031845;HMDB0033292;HMDB0302123;HMDB0060888;HMDB0033790;HMDB0256535;HMDB0032503;HMDB0249074;;;;;;;;;;;;;;;;;;;;;;;;;;;
63;;;;;;;;;;;;;;;;;;;;;;;;;;;;;;;;HMDB0243945;HMDB0029103;;;HMDB0010353;;;;;HMDB0013974;HMDB0257434;;;;;;;;HMDB0030274;HMDB0033456;HMDB0254915;HMDB0060948;HMDB0015506;HMDB0037334;HMDB0040380;HMDB0030439;HMDB0244398;HMDB0060331;HMDB0035373;HMDB0258408;HMDB0259037;HMDB0247229;;;;;;;;;;;;;;;;;;;;;;;;;;;
64;;;;;;;;;;;;;;;;;;;;;;;;;;;;;;;;HMDB0060699;HMDB0013209;;;HMDB0029116;;;;;HMDB0013976;;;;;;;;;HMDB0032860;HMDB0061040;HMDB0256592;HMDB0255157;HMDB0253587;HMDB0030664;HMDB0038325;HMDB0030474;HMDB0245772;HMDB0250247;HMDB0248018;HMDB0247238;HMDB0254408;HMDB0249252;;;;;;;;;;;;;;;;;;;;;;;;;;;
65;;;;;;;;;;;;;;;;;;;;;;;;;;;;;;;;HMDB0251421;HMDB0015696;;;HMDB0014521;;;;;HMDB0249877;;;;;;;;;HMDB0004238;HMDB0247083;HMDB0242725;HMDB0244967;HMDB0030264;HMDB0029508;HMDB0033293;HMDB0035081;HMDB0060886;HMDB0033014;HMDB0247378;HMDB0246351;HMDB0245267;HMDB0253787;;;;;;;;;;;;;;;;;;;;;;;;;;;
66;;;;;;;;;;;;;;;;;;;;;;;;;;;;;;;;HMDB0247769;HMDB0253714;;;HMDB0244247;;;;;HMDB0248772;;;;;;;;;HMDB0059996;HMDB0256143;HMDB0246603;HMDB0250002;HMDB0251580;HMDB0041696;HMDB0030420;HMDB0040407;HMDB0254797;HMDB0032861;HMDB0031706;HMDB0249488;HMDB0248095;HMDB0032707;;;;;;;;;;;;;;;;;;;;;;;;;;;
67;;;;;;;;;;;;;;;;;;;;;;;;;;;;;;;;HMDB0253479;HMDB0255751;;;;;;;;HMDB0258595;;;;;;;;;HMDB0059993;HMDB0061841;HMDB0260016;HMDB0245011;HMDB0253783;HMDB0240442;HMDB0038774;HMDB0040746;HMDB0252307;HMDB0032776;HMDB0256386;HMDB0251760;HMDB0249071;HMDB0247412;;;;;;;;;;;;;;;;;;;;;;;;;;;
68;;;;;;;;;;;;;;;;;;;;;;;;;;;;;;;;HMDB0244054;HMDB0248505;;;;;;;;HMDB0259330;;;;;;;;;HMDB0240570;HMDB0249192;HMDB0243773;HMDB0247644;HMDB0251912;HMDB0037113;HMDB0030496;HMDB0031289;HMDB0250942;HMDB0243545;HMDB0301746;HMDB0250315;HMDB0249310;;;;;;;;;;;;;;;;;;;;;;;;;;;;
69;;;;;;;;;;;;;;;;;;;;;;;;;;;;;;;;HMDB0258964;HMDB0257687;;;;;;;;HMDB0251027;;;;;;;;;HMDB0015003;HMDB0251480;HMDB0243809;HMDB0254931;HMDB0252363;HMDB0033979;HMDB0039607;HMDB0037492;HMDB0258852;HMDB0254506;HMDB0031737;HMDB0014704;HMDB0015438;;;;;;;;;;;;;;;;;;;;;;;;;;;;
70;;;;;;;;;;;;;;;;;;;;;;;;;;;;;;;;HMDB0258751;HMDB0256233;;;;;;;;HMDB0247186;;;;;;;;;HMDB0257933;HMDB0240569;HMDB0242481;HMDB0256601;HMDB0001925;HMDB0030502;HMDB0029463;HMDB0029202;HMDB0257517;HMDB0061813;HMDB0301762;HMDB0249020;HMDB0258683;;;;;;;;;;;;;;;;;;;;;;;;;;;;
71;;;;;;;;;;;;;;;;;;;;;;;;;;;;;;;;HMDB0255427;;;;;;;;;HMDB0255425;;;;;;;;;HMDB0257912;HMDB0015608;HMDB0248122;HMDB0253366;HMDB0015060;HMDB0301845;HMDB0249312;HMDB0029185;HMDB0029575;HMDB0243522;HMDB0253403;HMDB0255015;HMDB0033345;;;;;;;;;;;;;;;;;;;;;;;;;;;;
72;;;;;;;;;;;;;;;;;;;;;;;;;;;;;;;;HMDB0251125;;;;;;;;;;;;;;;;;;HMDB0248461;HMDB0015390;HMDB0255880;HMDB0243990;HMDB0251681;HMDB0003218;HMDB0029511;HMDB0257192;HMDB0060042;HMDB0245358;HMDB0246686;HMDB0255017;HMDB0247274;;;;;;;;;;;;;;;;;;;;;;;;;;;;
73;;;;;;;;;;;;;;;;;;;;;;;;;;;;;;;;HMDB0247240;;;;;;;;;;;;;;;;;;HMDB0005033;HMDB0255877;HMDB0033367;HMDB0245982;HMDB0247472;HMDB0260027;HMDB0256806;HMDB0244556;HMDB0061387;HMDB0249332;HMDB0257167;HMDB0247248;;;;;;;;;;;;;;;;;;;;;;;;;;;;;
74;;;;;;;;;;;;;;;;;;;;;;;;;;;;;;;;HMDB0250869;;;;;;;;;;;;;;;;;;HMDB0260335;HMDB0259494;HMDB0258261;HMDB0254359;HMDB0256357;HMDB0249824;HMDB0002338;HMDB0245153;HMDB0254982;HMDB0032700;HMDB0032710;HMDB0244859;;;;;;;;;;;;;;;;;;;;;;;;;;;;;
75;;;;;;;;;;;;;;;;;;;;;;;;;;;;;;;;HMDB0250440;;;;;;;;;;;;;;;;;;;HMDB0257866;HMDB0003075;HMDB0243739;HMDB0250509;HMDB0255675;HMDB0252372;HMDB0038903;HMDB0255009;HMDB0244822;HMDB0258628;HMDB0035198;;;;;;;;;;;;;;;;;;;;;;;;;;;;;
76;;;;;;;;;;;;;;;;;;;;;;;;;;;;;;;;;;;;;;;;;;;;;;;;;;;HMDB0014892;HMDB0244275;HMDB0242697;HMDB0000763;HMDB0248351;HMDB0256368;HMDB0252305;HMDB0243490;HMDB0031723;HMDB0253455;HMDB0250490;;;;;;;;;;;;;;;;;;;;;;;;;;;;;
77;;;;;;;;;;;;;;;;;;;;;;;;;;;;;;;;;;;;;;;;;;;;;;;;;;;HMDB0240700;HMDB0249198;HMDB0244654;HMDB0242547;HMDB0015614;HMDB0249573;HMDB0060359;HMDB0243551;HMDB0255444;HMDB0252979;HMDB0259690;;;;;;;;;;;;;;;;;;;;;;;;;;;;;
78;;;;;;;;;;;;;;;;;;;;;;;;;;;;;;;;;;;;;;;;;;;;;;;;;;;HMDB0246755;HMDB0240567;HMDB0041702;HMDB0244094;HMDB0015061;HMDB0250243;HMDB0246605;HMDB0246763;HMDB0246076;HMDB0060764;;;;;;;;;;;;;;;;;;;;;;;;;;;;;;
79;;;;;;;;;;;;;;;;;;;;;;;;;;;;;;;;;;;;;;;;;;;;;;;;;;;HMDB0247561;HMDB0033088;HMDB0059701;HMDB0243804;HMDB0251919;HMDB0060606;HMDB0060112;HMDB0061744;HMDB0040675;HMDB0014421;;;;;;;;;;;;;;;;;;;;;;;;;;;;;;
80;;;;;;;;;;;;;;;;;;;;;;;;;;;;;;;;;;;;;;;;;;;;;;;;;;;HMDB0242263;HMDB0014668;HMDB0041873;HMDB0246668;HMDB0251164;HMDB0255678;HMDB0243652;HMDB0256392;HMDB0259505;HMDB0243968;;;;;;;;;;;;;;;;;;;;;;;;;;;;;;
81;;;;;;;;;;;;;;;;;;;;;;;;;;;;;;;;;;;;;;;;;;;;;;;;;;;HMDB0255799;HMDB0257916;HMDB0249887;HMDB0250841;HMDB0247762;HMDB0244232;HMDB0011686;HMDB0032383;HMDB0242066;HMDB0014568;;;;;;;;;;;;;;;;;;;;;;;;;;;;;;
82;;;;;;;;;;;;;;;;;;;;;;;;;;;;;;;;;;;;;;;;;;;;;;;;;;;HMDB0014975;HMDB0015115;HMDB0030192;HMDB0059631;HMDB0251903;HMDB0259582;HMDB0246347;HMDB0244403;HMDB0244419;HMDB0250975;;;;;;;;;;;;;;;;;;;;;;;;;;;;;;
83;;;;;;;;;;;;;;;;;;;;;;;;;;;;;;;;;;;;;;;;;;;;;;;;;;;HMDB0060885;HMDB0013696;HMDB0034127;HMDB0248775;HMDB0244553;HMDB0038902;HMDB0032805;HMDB0246250;HMDB0301749;HMDB0242721;;;;;;;;;;;;;;;;;;;;;;;;;;;;;;
84;;;;;;;;;;;;;;;;;;;;;;;;;;;;;;;;;;;;;;;;;;;;;;;;;;;;HMDB0247536;HMDB0001091;HMDB0250235;HMDB0253320;HMDB0249386;HMDB0246182;HMDB0246244;HMDB0247249;HMDB0252371;;;;;;;;;;;;;;;;;;;;;;;;;;;;;;
85;;;;;;;;;;;;;;;;;;;;;;;;;;;;;;;;;;;;;;;;;;;;;;;;;;;;HMDB0253176;HMDB0004215;HMDB0059991;HMDB0257310;HMDB0015084;HMDB0246185;HMDB0030340;HMDB0257156;HMDB0247320;;;;;;;;;;;;;;;;;;;;;;;;;;;;;;
86;;;;;;;;;;;;;;;;;;;;;;;;;;;;;;;;;;;;;;;;;;;;;;;;;;;;HMDB0244007;HMDB0244499;HMDB0246720;HMDB0249959;HMDB0252340;HMDB0244995;HMDB0030195;HMDB0249319;HMDB0035208;;;;;;;;;;;;;;;;;;;;;;;;;;;;;;
87;;;;;;;;;;;;;;;;;;;;;;;;;;;;;;;;;;;;;;;;;;;;;;;;;;;;HMDB0257029;HMDB0260141;HMDB0246379;HMDB0000860;HMDB0060337;HMDB0247582;HMDB0030201;HMDB0032709;HMDB0252230;;;;;;;;;;;;;;;;;;;;;;;;;;;;;;
88;;;;;;;;;;;;;;;;;;;;;;;;;;;;;;;;;;;;;;;;;;;;;;;;;;;;HMDB0244433;HMDB0249874;HMDB0030194;HMDB0245307;HMDB0061748;HMDB0246722;HMDB0040893;HMDB0254083;;;;;;;;;;;;;;;;;;;;;;;;;;;;;;;
89;;;;;;;;;;;;;;;;;;;;;;;;;;;;;;;;;;;;;;;;;;;;;;;;;;;;HMDB0252137;HMDB0248835;HMDB0248937;HMDB0244594;HMDB0060322;HMDB0255154;HMDB0244558;HMDB0255702;;;;;;;;;;;;;;;;;;;;;;;;;;;;;;;
90;;;;;;;;;;;;;;;;;;;;;;;;;;;;;;;;;;;;;;;;;;;;;;;;;;;;HMDB0254781;HMDB0013695;HMDB0244053;HMDB0062581;HMDB0060031;HMDB0243816;HMDB0033060;HMDB0246600;;;;;;;;;;;;;;;;;;;;;;;;;;;;;;;
91;;;;;;;;;;;;;;;;;;;;;;;;;;;;;;;;;;;;;;;;;;;;;;;;;;;;HMDB0257463;HMDB0249486;HMDB0003217;HMDB0245783;HMDB0248802;HMDB0249311;HMDB0256503;HMDB0247344;;;;;;;;;;;;;;;;;;;;;;;;;;;;;;;
92;;;;;;;;;;;;;;;;;;;;;;;;;;;;;;;;;;;;;;;;;;;;;;;;;;;;;HMDB0259507;HMDB0004590;HMDB0247257;HMDB0012138;HMDB0243962;HMDB0256507;HMDB0014827;;;;;;;;;;;;;;;;;;;;;;;;;;;;;;;
93;;;;;;;;;;;;;;;;;;;;;;;;;;;;;;;;;;;;;;;;;;;;;;;;;;;;;HMDB0015175;HMDB0061824;HMDB0060324;HMDB0059651;HMDB0247394;HMDB0248050;HMDB0247260;;;;;;;;;;;;;;;;;;;;;;;;;;;;;;;
94;;;;;;;;;;;;;;;;;;;;;;;;;;;;;;;;;;;;;;;;;;;;;;;;;;;;;HMDB0248369;HMDB0257940;HMDB0243812;HMDB0254414;HMDB0249463;HMDB0248090;HMDB0247709;;;;;;;;;;;;;;;;;;;;;;;;;;;;;;;
95;;;;;;;;;;;;;;;;;;;;;;;;;;;;;;;;;;;;;;;;;;;;;;;;;;;;;HMDB0259400;HMDB0247230;HMDB0012897;HMDB0251028;HMDB0247291;HMDB0246026;HMDB0252341;;;;;;;;;;;;;;;;;;;;;;;;;;;;;;;
96;;;;;;;;;;;;;;;;;;;;;;;;;;;;;;;;;;;;;;;;;;;;;;;;;;;;;;HMDB0246549;HMDB0243963;HMDB0061385;HMDB0244709;HMDB0254847;HMDB0032804;;;;;;;;;;;;;;;;;;;;;;;;;;;;;;;
97;;;;;;;;;;;;;;;;;;;;;;;;;;;;;;;;;;;;;;;;;;;;;;;;;;;;;;;HMDB0059677;HMDB0248813;HMDB0033115;HMDB0252342;HMDB0061142;;;;;;;;;;;;;;;;;;;;;;;;;;;;;;;
98;;;;;;;;;;;;;;;;;;;;;;;;;;;;;;;;;;;;;;;;;;;;;;;;;;;;;;;HMDB0059696;HMDB0248818;HMDB0035086;HMDB0258733;HMDB0249525;;;;;;;;;;;;;;;;;;;;;;;;;;;;;;;
99;;;;;;;;;;;;;;;;;;;;;;;;;;;;;;;;;;;;;;;;;;;;;;;;;;;;;;;HMDB0258718;HMDB0249574;HMDB0252568;HMDB0247073;HMDB0254199;;;;;;;;;;;;;;;;;;;;;;;;;;;;;;;
100;;;;;;;;;;;;;;;;;;;;;;;;;;;;;;;;;;;;;;;;;;;;;;;;;;;;;;;HMDB0243640;HMDB0247450;HMDB0258182;HMDB0029700;HMDB0014391;;;;;;;;;;;;;;;;;;;;;;;;;;;;;;;
101;;;;;;;;;;;;;;;;;;;;;;;;;;;;;;;;;;;;;;;;;;;;;;;;;;;;;;;HMDB0255921;HMDB0247290;HMDB0033383;HMDB0041895;HMDB0251306;;;;;;;;;;;;;;;;;;;;;;;;;;;;;;;
102;;;;;;;;;;;;;;;;;;;;;;;;;;;;;;;;;;;;;;;;;;;;;;;;;;;;;;;HMDB0030141;HMDB0246757;HMDB0061682;HMDB0035084;HMDB0250266;;;;;;;;;;;;;;;;;;;;;;;;;;;;;;;
103;;;;;;;;;;;;;;;;;;;;;;;;;;;;;;;;;;;;;;;;;;;;;;;;;;;;;;;HMDB0041098;HMDB0248934;HMDB0014742;HMDB0255089;HMDB0250116;;;;;;;;;;;;;;;;;;;;;;;;;;;;;;;
104;;;;;;;;;;;;;;;;;;;;;;;;;;;;;;;;;;;;;;;;;;;;;;;;;;;;;;;HMDB0012534;HMDB0252908;;HMDB0012468;HMDB0013989;;;;;;;;;;;;;;;;;;;;;;;;;;;;;;;
105;;;;;;;;;;;;;;;;;;;;;;;;;;;;;;;;;;;;;;;;;;;;;;;;;;;;;;;HMDB0251659;HMDB0029346;;HMDB0250998;;;;;;;;;;;;;;;;;;;;;;;;;;;;;;;;
106;;;;;;;;;;;;;;;;;;;;;;;;;;;;;;;;;;;;;;;;;;;;;;;;;;;;;;;HMDB0254836;HMDB0035098;;HMDB0015684;;;;;;;;;;;;;;;;;;;;;;;;;;;;;;;;
107;;;;;;;;;;;;;;;;;;;;;;;;;;;;;;;;;;;;;;;;;;;;;;;;;;;;;;;HMDB0012638;HMDB0035109;;;;;;;;;;;;;;;;;;;;;;;;;;;;;;;;;;
108;;;;;;;;;;;;;;;;;;;;;;;;;;;;;;;;;;;;;;;;;;;;;;;;;;;;;;;HMDB0012782;HMDB0244888;;;;;;;;;;;;;;;;;;;;;;;;;;;;;;;;;;
109;;;;;;;;;;;;;;;;;;;;;;;;;;;;;;;;;;;;;;;;;;;;;;;;;;;;;;;HMDB0061720;HMDB0246655;;;;;;;;;;;;;;;;;;;;;;;;;;;;;;;;;;
110;;;;;;;;;;;;;;;;;;;;;;;;;;;;;;;;;;;;;;;;;;;;;;;;;;;;;;;HMDB0059990;HMDB0030293;;;;;;;;;;;;;;;;;;;;;;;;;;;;;;;;;;
111;;;;;;;;;;;;;;;;;;;;;;;;;;;;;;;;;;;;;;;;;;;;;;;;;;;;;;;HMDB0015189;HMDB0252301;;;;;;;;;;;;;;;;;;;;;;;;;;;;;;;;;;
112;;;;;;;;;;;;;;;;;;;;;;;;;;;;;;;;;;;;;;;;;;;;;;;;;;;;;;;HMDB0244472;HMDB0258490;;;;;;;;;;;;;;;;;;;;;;;;;;;;;;;;;;
113;;;;;;;;;;;;;;;;;;;;;;;;;;;;;;;;;;;;;;;;;;;;;;;;;;;;;;;HMDB0256983;HMDB0061643;;;;;;;;;;;;;;;;;;;;;;;;;;;;;;;;;;
114;;;;;;;;;;;;;;;;;;;;;;;;;;;;;;;;;;;;;;;;;;;;;;;;;;;;;;;HMDB0061832;HMDB0061689;;;;;;;;;;;;;;;;;;;;;;;;;;;;;;;;;;
115;;;;;;;;;;;;;;;;;;;;;;;;;;;;;;;;;;;;;;;;;;;;;;;;;;;;;;;HMDB0254887;HMDB0253565;;;;;;;;;;;;;;;;;;;;;;;;;;;;;;;;;;
116;;;;;;;;;;;;;;;;;;;;;;;;;;;;;;;;;;;;;;;;;;;;;;;;;;;;;;;HMDB0249138;HMDB0247712;;;;;;;;;;;;;;;;;;;;;;;;;;;;;;;;;;
117;;;;;;;;;;;;;;;;;;;;;;;;;;;;;;;;;;;;;;;;;;;;;;;;;;;;;;;HMDB0258189;HMDB0254695;;;;;;;;;;;;;;;;;;;;;;;;;;;;;;;;;;